,index,cost,quantity,holding_price,amount,current_price,datetime
0,000001.SZ,4584.58,200,22.9229,4580.0,22.9,2010-01-06
1,000002.SZ,2074.072,200,10.37036,2072.0,10.36,2010-01-06
2,000005.SZ,1217.216,200,6.086079999999999,1216.0,6.08,2010-01-06
3,000006.SZ,2168.166,200,10.84083,2166.0,10.83,2010-01-06
0,000001.SZ,4584.58,200,22.9229,4580.0,22.9,2010-01-07
1,000002.SZ,2074.072,200,10.37036,2072.0,10.36,2010-01-07
2,000005.SZ,1217.216,200,6.086079999999999,1216.0,6.08,2010-01-07
3,000006.SZ,2168.166,200,10.84083,2166.0,10.83,2010-01-07
0,000001.SZ,4584.58,200,22.9229,4580.0,22.9,2010-01-08
1,000002.SZ,2074.072,200,10.37036,2072.0,10.36,2010-01-08
2,000005.SZ,1217.216,200,6.086079999999999,1216.0,6.08,2010-01-08
3,000006.SZ,2168.166,200,10.84083,2166.0,10.83,2010-01-08
0,000001.SZ,4584.58,200,22.9229,4580.0,22.9,2010-01-11
1,000002.SZ,2074.072,200,10.37036,2072.0,10.36,2010-01-11
2,000005.SZ,1217.216,200,6.086079999999999,1216.0,6.08,2010-01-11
3,000006.SZ,2168.166,200,10.84083,2166.0,10.83,2010-01-11
0,000001.SZ,4584.58,200,22.9229,4580.0,22.9,2010-01-12
1,000002.SZ,2074.072,200,10.37036,2072.0,10.36,2010-01-12
2,000005.SZ,1217.216,200,6.086079999999999,1216.0,6.08,2010-01-12
3,000006.SZ,2168.166,200,10.84083,2166.0,10.83,2010-01-12
0,000001.SZ,4584.58,200,22.9229,4580.0,22.9,2010-01-13
1,000002.SZ,2074.072,200,10.37036,2072.0,10.36,2010-01-13
2,000005.SZ,1217.216,200,6.086079999999999,1216.0,6.08,2010-01-13
3,000006.SZ,2168.166,200,10.84083,2166.0,10.83,2010-01-13
0,000001.SZ,4584.58,200,22.9229,4580.0,22.9,2010-01-14
1,000002.SZ,2074.072,200,10.37036,2072.0,10.36,2010-01-14
2,000005.SZ,1217.216,200,6.086079999999999,1216.0,6.08,2010-01-14
3,000006.SZ,2168.166,200,10.84083,2166.0,10.83,2010-01-14
0,000001.SZ,4584.58,200,22.9229,4580.0,22.9,2010-01-15
1,000002.SZ,2074.072,200,10.37036,2072.0,10.36,2010-01-15
2,000005.SZ,1217.216,200,6.086079999999999,1216.0,6.08,2010-01-15
3,000006.SZ,2168.166,200,10.84083,2166.0,10.83,2010-01-15
0,000001.SZ,4584.58,200,22.9229,4580.0,22.9,2010-01-18
1,000002.SZ,2074.072,200,10.37036,2072.0,10.36,2010-01-18
2,000005.SZ,1217.216,200,6.086079999999999,1216.0,6.08,2010-01-18
3,000006.SZ,2168.166,200,10.84083,2166.0,10.83,2010-01-18
0,000001.SZ,4584.58,200,22.9229,4580.0,22.9,2010-01-19
1,000002.SZ,2074.072,200,10.37036,2072.0,10.36,2010-01-19
2,000005.SZ,1217.216,200,6.086079999999999,1216.0,6.08,2010-01-19
3,000006.SZ,2168.166,200,10.84083,2166.0,10.83,2010-01-19
0,000001.SZ,4584.58,200,22.9229,4580.0,22.9,2010-01-20
1,000002.SZ,2074.072,200,10.37036,2072.0,10.36,2010-01-20
2,000005.SZ,1217.216,200,6.086079999999999,1216.0,6.08,2010-01-20
3,000006.SZ,2168.166,200,10.84083,2166.0,10.83,2010-01-20
0,000001.SZ,4584.58,200,22.9229,4580.0,22.9,2010-01-21
1,000002.SZ,2074.072,200,10.37036,2072.0,10.36,2010-01-21
2,000005.SZ,1217.216,200,6.086079999999999,1216.0,6.08,2010-01-21
3,000006.SZ,2168.166,200,10.84083,2166.0,10.83,2010-01-21
0,000001.SZ,4584.58,200,22.9229,4580.0,22.9,2010-01-22
1,000002.SZ,2074.072,200,10.37036,2072.0,10.36,2010-01-22
2,000005.SZ,1217.216,200,6.086079999999999,1216.0,6.08,2010-01-22
3,000006.SZ,2168.166,200,10.84083,2166.0,10.83,2010-01-22
0,000001.SZ,4584.58,200,22.9229,4580.0,22.9,2010-01-25
1,000002.SZ,2074.072,200,10.37036,2072.0,10.36,2010-01-25
2,000005.SZ,1217.216,200,6.086079999999999,1216.0,6.08,2010-01-25
3,000006.SZ,2168.166,200,10.84083,2166.0,10.83,2010-01-25
0,000001.SZ,4584.58,200,22.9229,4580.0,22.9,2010-01-26
1,000002.SZ,2074.072,200,10.37036,2072.0,10.36,2010-01-26
2,000005.SZ,1217.216,200,6.086079999999999,1216.0,6.08,2010-01-26
3,000006.SZ,2168.166,200,10.84083,2166.0,10.83,2010-01-26
0,000001.SZ,4584.58,200,22.9229,4580.0,22.9,2010-01-27
1,000002.SZ,2074.072,200,10.37036,2072.0,10.36,2010-01-27
2,000005.SZ,1217.216,200,6.086079999999999,1216.0,6.08,2010-01-27
3,000006.SZ,2168.166,200,10.84083,2166.0,10.83,2010-01-27
0,000001.SZ,4584.58,200,22.9229,4580.0,22.9,2010-01-28
1,000002.SZ,2074.072,200,10.37036,2072.0,10.36,2010-01-28
2,000005.SZ,1217.216,200,6.086079999999999,1216.0,6.08,2010-01-28
3,000006.SZ,2168.166,200,10.84083,2166.0,10.83,2010-01-28
0,000001.SZ,4584.58,200,22.9229,4580.0,22.9,2010-01-29
1,000002.SZ,2074.072,200,10.37036,2072.0,10.36,2010-01-29
2,000005.SZ,1217.216,200,6.086079999999999,1216.0,6.08,2010-01-29
3,000006.SZ,2168.166,200,10.84083,2166.0,10.83,2010-01-29
0,000001.SZ,4584.58,200,22.9229,4580.0,22.9,2010-02-01
1,000002.SZ,2074.072,200,10.37036,2072.0,10.36,2010-02-01
2,000005.SZ,1217.216,200,6.086079999999999,1216.0,6.08,2010-02-01
3,000006.SZ,2168.166,200,10.84083,2166.0,10.83,2010-02-01
0,000001.SZ,4584.58,200,22.9229,4580.0,22.9,2010-02-02
1,000002.SZ,2074.072,200,10.37036,2072.0,10.36,2010-02-02
2,000005.SZ,1217.216,200,6.086079999999999,1216.0,6.08,2010-02-02
3,000006.SZ,2168.166,200,10.84083,2166.0,10.83,2010-02-02
0,000001.SZ,4584.58,200,22.9229,4580.0,22.9,2010-02-03
1,000002.SZ,2074.072,200,10.37036,2072.0,10.36,2010-02-03
2,000005.SZ,1217.216,200,6.086079999999999,1216.0,6.08,2010-02-03
3,000006.SZ,2168.166,200,10.84083,2166.0,10.83,2010-02-03
0,000001.SZ,4584.58,200,22.9229,4580.0,22.9,2010-02-04
1,000002.SZ,2074.072,200,10.37036,2072.0,10.36,2010-02-04
2,000005.SZ,1217.216,200,6.086079999999999,1216.0,6.08,2010-02-04
3,000006.SZ,2168.166,200,10.84083,2166.0,10.83,2010-02-04
0,000001.SZ,4584.58,200,22.9229,4580.0,22.9,2010-02-05
1,000002.SZ,2074.072,200,10.37036,2072.0,10.36,2010-02-05
2,000005.SZ,1217.216,200,6.086079999999999,1216.0,6.08,2010-02-05
3,000006.SZ,2168.166,200,10.84083,2166.0,10.83,2010-02-05
0,000001.SZ,4584.58,200,22.9229,4580.0,22.9,2010-02-08
1,000002.SZ,2074.072,200,10.37036,2072.0,10.36,2010-02-08
2,000005.SZ,1217.216,200,6.086079999999999,1216.0,6.08,2010-02-08
3,000006.SZ,2168.166,200,10.84083,2166.0,10.83,2010-02-08
0,000001.SZ,4584.58,200,22.9229,4580.0,22.9,2010-02-09
1,000002.SZ,2074.072,200,10.37036,2072.0,10.36,2010-02-09
2,000005.SZ,1217.216,200,6.086079999999999,1216.0,6.08,2010-02-09
3,000006.SZ,2168.166,200,10.84083,2166.0,10.83,2010-02-09
0,000001.SZ,4584.58,200,22.9229,4580.0,22.9,2010-02-10
1,000002.SZ,2074.072,200,10.37036,2072.0,10.36,2010-02-10
2,000005.SZ,1217.216,200,6.086079999999999,1216.0,6.08,2010-02-10
3,000006.SZ,2168.166,200,10.84083,2166.0,10.83,2010-02-10
0,000001.SZ,4584.58,200,22.9229,4580.0,22.9,2010-02-11
1,000002.SZ,2074.072,200,10.37036,2072.0,10.36,2010-02-11
2,000005.SZ,1217.216,200,6.086079999999999,1216.0,6.08,2010-02-11
3,000006.SZ,2168.166,200,10.84083,2166.0,10.83,2010-02-11
0,000001.SZ,4584.58,200,22.9229,4580.0,22.9,2010-02-12
1,000002.SZ,2074.072,200,10.37036,2072.0,10.36,2010-02-12
2,000004.SZ,1835.834,200,9.179170000000001,1834.0,9.17,2010-02-12
3,000005.SZ,1217.216,200,6.086079999999999,1216.0,6.08,2010-02-12
4,000006.SZ,0.0,0,0.0,0.0,10.14,2010-02-12
0,000001.SZ,4584.58,200,22.9229,4580.0,22.9,2010-02-22
1,000002.SZ,2074.072,200,10.37036,2072.0,10.36,2010-02-22
2,000004.SZ,1835.834,200,9.179170000000001,1834.0,9.17,2010-02-22
3,000005.SZ,1217.216,200,6.086079999999999,1216.0,6.08,2010-02-22
4,000006.SZ,0.0,0,0.0,0.0,10.14,2010-02-22
0,000001.SZ,4584.58,200,22.9229,4580.0,22.9,2010-02-23
1,000002.SZ,2074.072,200,10.37036,2072.0,10.36,2010-02-23
2,000004.SZ,1835.834,200,9.179170000000001,1834.0,9.17,2010-02-23
3,000005.SZ,1217.216,200,6.086079999999999,1216.0,6.08,2010-02-23
4,000006.SZ,0.0,0,0.0,0.0,10.14,2010-02-23
0,000001.SZ,4584.58,200,22.9229,4580.0,22.9,2010-02-24
1,000002.SZ,2074.072,200,10.37036,2072.0,10.36,2010-02-24
2,000004.SZ,1835.834,200,9.179170000000001,1834.0,9.17,2010-02-24
3,000005.SZ,1217.216,200,6.086079999999999,1216.0,6.08,2010-02-24
4,000006.SZ,0.0,0,0.0,0.0,10.14,2010-02-24
0,000001.SZ,4584.58,200,22.9229,4580.0,22.9,2010-02-25
1,000002.SZ,2074.072,200,10.37036,2072.0,10.36,2010-02-25
2,000004.SZ,1835.834,200,9.179170000000001,1834.0,9.17,2010-02-25
3,000005.SZ,1217.216,200,6.086079999999999,1216.0,6.08,2010-02-25
4,000006.SZ,0.0,0,0.0,0.0,10.14,2010-02-25
0,000001.SZ,4584.58,200,22.9229,4580.0,22.9,2010-02-26
1,000002.SZ,2074.072,200,10.37036,2072.0,10.36,2010-02-26
2,000004.SZ,1835.834,200,9.179170000000001,1834.0,9.17,2010-02-26
3,000005.SZ,1217.216,200,6.086079999999999,1216.0,6.08,2010-02-26
4,000006.SZ,0.0,0,0.0,0.0,10.14,2010-02-26
0,000001.SZ,4584.58,200,22.9229,4580.0,22.9,2010-03-01
1,000002.SZ,2074.072,200,10.37036,2072.0,10.36,2010-03-01
2,000004.SZ,1835.834,200,9.179170000000001,1834.0,9.17,2010-03-01
3,000005.SZ,1217.216,200,6.086079999999999,1216.0,6.08,2010-03-01
4,000006.SZ,0.0,0,0.0,0.0,10.14,2010-03-01
0,000001.SZ,0.0,0,0.0,0.0,23.11,2010-03-02
1,000002.SZ,2074.072,200,10.37036,2072.0,10.36,2010-03-02
2,000004.SZ,1835.834,200,9.179170000000001,1834.0,9.17,2010-03-02
3,000005.SZ,1217.216,200,6.086079999999999,1216.0,6.08,2010-03-02
4,000006.SZ,2106.104,200,10.53052,2104.0,10.52,2010-03-02
0,000001.SZ,4664.66,200,23.3233,4660.0,23.3,2010-03-03
1,000002.SZ,2074.072,200,10.37036,2072.0,10.36,2010-03-03
2,000004.SZ,1835.834,200,9.179170000000001,1834.0,9.17,2010-03-03
3,000005.SZ,1217.216,200,6.086079999999999,1216.0,6.08,2010-03-03
4,000006.SZ,0.0,0,0.0,0.0,10.55,2010-03-03
0,000001.SZ,4664.66,200,23.3233,4660.0,23.3,2010-03-04
1,000002.SZ,2074.072,200,10.37036,2072.0,10.36,2010-03-04
2,000004.SZ,1835.834,200,9.179170000000001,1834.0,9.17,2010-03-04
3,000005.SZ,1217.216,200,6.086079999999999,1216.0,6.08,2010-03-04
4,000006.SZ,0.0,0,0.0,0.0,10.55,2010-03-04
0,000001.SZ,4664.66,200,23.3233,4660.0,23.3,2010-03-05
1,000002.SZ,2074.072,200,10.37036,2072.0,10.36,2010-03-05
2,000004.SZ,1835.834,200,9.179170000000001,1834.0,9.17,2010-03-05
3,000005.SZ,1217.216,200,6.086079999999999,1216.0,6.08,2010-03-05
4,000006.SZ,0.0,0,0.0,0.0,10.55,2010-03-05
0,000001.SZ,4664.66,200,23.3233,4660.0,23.3,2010-03-08
1,000002.SZ,2074.072,200,10.37036,2072.0,10.36,2010-03-08
2,000004.SZ,1835.834,200,9.179170000000001,1834.0,9.17,2010-03-08
3,000005.SZ,1217.216,200,6.086079999999999,1216.0,6.08,2010-03-08
4,000006.SZ,0.0,0,0.0,0.0,10.55,2010-03-08
0,000001.SZ,4664.66,200,23.3233,4660.0,23.3,2010-03-09
1,000002.SZ,2074.072,200,10.37036,2072.0,10.36,2010-03-09
2,000004.SZ,1835.834,200,9.179170000000001,1834.0,9.17,2010-03-09
3,000005.SZ,1217.216,200,6.086079999999999,1216.0,6.08,2010-03-09
4,000006.SZ,0.0,0,0.0,0.0,10.55,2010-03-09
0,000001.SZ,4664.66,200,23.3233,4660.0,23.3,2010-03-10
1,000002.SZ,2074.072,200,10.37036,2072.0,10.36,2010-03-10
2,000004.SZ,1835.834,200,9.179170000000001,1834.0,9.17,2010-03-10
3,000005.SZ,1217.216,200,6.086079999999999,1216.0,6.08,2010-03-10
4,000006.SZ,0.0,0,0.0,0.0,10.55,2010-03-10
0,000001.SZ,4664.66,200,23.3233,4660.0,23.3,2010-03-11
1,000002.SZ,2074.072,200,10.37036,2072.0,10.36,2010-03-11
2,000004.SZ,1835.834,200,9.179170000000001,1834.0,9.17,2010-03-11
3,000005.SZ,1217.216,200,6.086079999999999,1216.0,6.08,2010-03-11
4,000006.SZ,0.0,0,0.0,0.0,10.55,2010-03-11
0,000001.SZ,4664.66,200,23.3233,4660.0,23.3,2010-03-12
1,000002.SZ,2074.072,200,10.37036,2072.0,10.36,2010-03-12
2,000004.SZ,1835.834,200,9.179170000000001,1834.0,9.17,2010-03-12
3,000005.SZ,1217.216,200,6.086079999999999,1216.0,6.08,2010-03-12
4,000006.SZ,0.0,0,0.0,0.0,10.55,2010-03-12
0,000001.SZ,4664.66,200,23.3233,4660.0,23.3,2010-03-15
1,000002.SZ,2074.072,200,10.37036,2072.0,10.36,2010-03-15
2,000004.SZ,1835.834,200,9.179170000000001,1834.0,9.17,2010-03-15
3,000005.SZ,1217.216,200,6.086079999999999,1216.0,6.08,2010-03-15
4,000006.SZ,0.0,0,0.0,0.0,10.55,2010-03-15
0,000001.SZ,4664.66,200,23.3233,4660.0,23.3,2010-03-16
1,000002.SZ,2074.072,200,10.37036,2072.0,10.36,2010-03-16
2,000004.SZ,1835.834,200,9.179170000000001,1834.0,9.17,2010-03-16
3,000005.SZ,1217.216,200,6.086079999999999,1216.0,6.08,2010-03-16
4,000006.SZ,0.0,0,0.0,0.0,10.55,2010-03-16
0,000001.SZ,4664.66,200,23.3233,4660.0,23.3,2010-03-17
1,000002.SZ,2074.072,200,10.37036,2072.0,10.36,2010-03-17
2,000004.SZ,1835.834,200,9.179170000000001,1834.0,9.17,2010-03-17
3,000005.SZ,1217.216,200,6.086079999999999,1216.0,6.08,2010-03-17
4,000006.SZ,0.0,0,0.0,0.0,10.55,2010-03-17
0,000001.SZ,4664.66,200,23.3233,4660.0,23.3,2010-03-18
1,000002.SZ,2074.072,200,10.37036,2072.0,10.36,2010-03-18
2,000004.SZ,1835.834,200,9.179170000000001,1834.0,9.17,2010-03-18
3,000005.SZ,1217.216,200,6.086079999999999,1216.0,6.08,2010-03-18
4,000006.SZ,0.0,0,0.0,0.0,10.55,2010-03-18
0,000001.SZ,4664.66,200,23.3233,4660.0,23.3,2010-03-19
1,000002.SZ,2074.072,200,10.37036,2072.0,10.36,2010-03-19
2,000004.SZ,1835.834,200,9.179170000000001,1834.0,9.17,2010-03-19
3,000005.SZ,1217.216,200,6.086079999999999,1216.0,6.08,2010-03-19
4,000006.SZ,0.0,0,0.0,0.0,10.55,2010-03-19
0,000001.SZ,4664.66,200,23.3233,4660.0,23.3,2010-03-22
1,000002.SZ,2074.072,200,10.37036,2072.0,10.36,2010-03-22
2,000004.SZ,1835.834,200,9.179170000000001,1834.0,9.17,2010-03-22
3,000005.SZ,1217.216,200,6.086079999999999,1216.0,6.08,2010-03-22
4,000006.SZ,0.0,0,0.0,0.0,10.55,2010-03-22
0,000001.SZ,4664.66,200,23.3233,4660.0,23.3,2010-03-23
1,000002.SZ,2074.072,200,10.37036,2072.0,10.36,2010-03-23
2,000004.SZ,1835.834,200,9.179170000000001,1834.0,9.17,2010-03-23
3,000005.SZ,1217.216,200,6.086079999999999,1216.0,6.08,2010-03-23
4,000006.SZ,0.0,0,0.0,0.0,10.55,2010-03-23
0,000001.SZ,4664.66,200,23.3233,4660.0,23.3,2010-03-24
1,000002.SZ,0.0,0,0.0,0.0,9.4,2010-03-24
2,000004.SZ,1835.834,200,9.179170000000001,1834.0,9.17,2010-03-24
3,000005.SZ,1217.216,200,6.086079999999999,1216.0,6.08,2010-03-24
4,000006.SZ,2358.356,200,11.791780000000001,2356.0,11.78,2010-03-24
0,000001.SZ,4664.66,200,23.3233,4660.0,23.3,2010-03-25
1,000002.SZ,1849.848,200,9.24924,1848.0,9.24,2010-03-25
2,000004.SZ,1835.834,200,9.179170000000001,1834.0,9.17,2010-03-25
3,000005.SZ,1217.216,200,6.086079999999999,1216.0,6.08,2010-03-25
4,000006.SZ,0.0,0,0.0,0.0,11.71,2010-03-25
0,000001.SZ,4664.66,200,23.3233,4660.0,23.3,2010-03-26
1,000002.SZ,1849.848,200,9.24924,1848.0,9.24,2010-03-26
2,000004.SZ,1835.834,200,9.179170000000001,1834.0,9.17,2010-03-26
3,000005.SZ,1217.216,200,6.086079999999999,1216.0,6.08,2010-03-26
4,000006.SZ,0.0,0,0.0,0.0,11.71,2010-03-26
0,000001.SZ,4664.66,200,23.3233,4660.0,23.3,2010-03-29
1,000002.SZ,1849.848,200,9.24924,1848.0,9.24,2010-03-29
2,000004.SZ,1835.834,200,9.179170000000001,1834.0,9.17,2010-03-29
3,000005.SZ,1217.216,200,6.086079999999999,1216.0,6.08,2010-03-29
4,000006.SZ,0.0,0,0.0,0.0,11.71,2010-03-29
0,000001.SZ,4664.66,200,23.3233,4660.0,23.3,2010-03-30
1,000002.SZ,1849.848,200,9.24924,1848.0,9.24,2010-03-30
2,000004.SZ,1835.834,200,9.179170000000001,1834.0,9.17,2010-03-30
3,000005.SZ,1217.216,200,6.086079999999999,1216.0,6.08,2010-03-30
4,000006.SZ,0.0,0,0.0,0.0,11.71,2010-03-30
0,000001.SZ,4664.66,200,23.3233,4660.0,23.3,2010-03-31
1,000002.SZ,1849.848,200,9.24924,1848.0,9.24,2010-03-31
2,000004.SZ,1835.834,200,9.179170000000001,1834.0,9.17,2010-03-31
3,000005.SZ,1217.216,200,6.086079999999999,1216.0,6.08,2010-03-31
4,000006.SZ,0.0,0,0.0,0.0,11.71,2010-03-31
0,000001.SZ,4664.66,200,23.3233,4660.0,23.3,2010-04-01
1,000002.SZ,1849.848,200,9.24924,1848.0,9.24,2010-04-01
2,000004.SZ,0.0,0,0.0,0.0,11.42,2010-04-01
3,000005.SZ,1217.216,200,6.086079999999999,1216.0,6.08,2010-04-01
4,000006.SZ,2452.45,200,12.26225,2450.0,12.25,2010-04-01
0,000001.SZ,4664.66,200,23.3233,4660.0,23.3,2010-04-02
1,000002.SZ,1849.848,200,9.24924,1848.0,9.24,2010-04-02
2,000004.SZ,2272.27,200,11.36135,2270.0,11.35,2010-04-02
3,000005.SZ,1217.216,200,6.086079999999999,1216.0,6.08,2010-04-02
4,000006.SZ,0.0,0,0.0,0.0,12.24,2010-04-02
0,000001.SZ,4664.66,200,23.3233,4660.0,23.3,2010-04-06
1,000002.SZ,1849.848,200,9.24924,1848.0,9.24,2010-04-06
2,000004.SZ,2272.27,200,11.36135,2270.0,11.35,2010-04-06
3,000005.SZ,1217.216,200,6.086079999999999,1216.0,6.08,2010-04-06
4,000006.SZ,0.0,0,0.0,0.0,12.24,2010-04-06
0,000001.SZ,4664.66,200,23.3233,4660.0,23.3,2010-04-07
1,000002.SZ,1849.848,200,9.24924,1848.0,9.24,2010-04-07
2,000004.SZ,2272.27,200,11.36135,2270.0,11.35,2010-04-07
3,000005.SZ,1217.216,200,6.086079999999999,1216.0,6.08,2010-04-07
4,000006.SZ,0.0,0,0.0,0.0,12.24,2010-04-07
0,000001.SZ,4664.66,200,23.3233,4660.0,23.3,2010-04-08
1,000002.SZ,1849.848,200,9.24924,1848.0,9.24,2010-04-08
2,000004.SZ,2272.27,200,11.36135,2270.0,11.35,2010-04-08
3,000005.SZ,1217.216,200,6.086079999999999,1216.0,6.08,2010-04-08
4,000006.SZ,0.0,0,0.0,0.0,12.24,2010-04-08
0,000001.SZ,4664.66,200,23.3233,4660.0,23.3,2010-04-09
1,000002.SZ,1849.848,200,9.24924,1848.0,9.24,2010-04-09
2,000004.SZ,2272.27,200,11.36135,2270.0,11.35,2010-04-09
3,000005.SZ,1217.216,200,6.086079999999999,1216.0,6.08,2010-04-09
4,000006.SZ,0.0,0,0.0,0.0,12.24,2010-04-09
0,000001.SZ,4664.66,200,23.3233,4660.0,23.3,2010-04-12
1,000002.SZ,1849.848,200,9.24924,1848.0,9.24,2010-04-12
2,000004.SZ,2272.27,200,11.36135,2270.0,11.35,2010-04-12
3,000005.SZ,1217.216,200,6.086079999999999,1216.0,6.08,2010-04-12
4,000006.SZ,0.0,0,0.0,0.0,12.24,2010-04-12
0,000001.SZ,4664.66,200,23.3233,4660.0,23.3,2010-04-13
1,000002.SZ,1849.848,200,9.24924,1848.0,9.24,2010-04-13
2,000004.SZ,2272.27,200,11.36135,2270.0,11.35,2010-04-13
3,000005.SZ,1217.216,200,6.086079999999999,1216.0,6.08,2010-04-13
4,000006.SZ,0.0,0,0.0,0.0,12.24,2010-04-13
0,000001.SZ,4664.66,200,23.3233,4660.0,23.3,2010-04-14
1,000002.SZ,1849.848,200,9.24924,1848.0,9.24,2010-04-14
2,000004.SZ,2272.27,200,11.36135,2270.0,11.35,2010-04-14
3,000005.SZ,1217.216,200,6.086079999999999,1216.0,6.08,2010-04-14
4,000006.SZ,0.0,0,0.0,0.0,12.24,2010-04-14
0,000001.SZ,4664.66,200,23.3233,4660.0,23.3,2010-04-15
1,000002.SZ,1849.848,200,9.24924,1848.0,9.24,2010-04-15
2,000004.SZ,2272.27,200,11.36135,2270.0,11.35,2010-04-15
3,000005.SZ,1217.216,200,6.086079999999999,1216.0,6.08,2010-04-15
4,000006.SZ,0.0,0,0.0,0.0,12.24,2010-04-15
0,000001.SZ,4664.66,200,23.3233,4660.0,23.3,2010-04-16
1,000002.SZ,1849.848,200,9.24924,1848.0,9.24,2010-04-16
2,000004.SZ,2272.27,200,11.36135,2270.0,11.35,2010-04-16
3,000005.SZ,1217.216,200,6.086079999999999,1216.0,6.08,2010-04-16
4,000006.SZ,0.0,0,0.0,0.0,12.24,2010-04-16
0,000001.SZ,4664.66,200,23.3233,4660.0,23.3,2010-04-19
1,000002.SZ,1849.848,200,9.24924,1848.0,9.24,2010-04-19
2,000004.SZ,2272.27,200,11.36135,2270.0,11.35,2010-04-19
3,000005.SZ,1217.216,200,6.086079999999999,1216.0,6.08,2010-04-19
4,000006.SZ,0.0,0,0.0,0.0,12.24,2010-04-19
0,000001.SZ,4664.66,200,23.3233,4660.0,23.3,2010-04-20
1,000002.SZ,1849.848,200,9.24924,1848.0,9.24,2010-04-20
2,000004.SZ,2272.27,200,11.36135,2270.0,11.35,2010-04-20
3,000005.SZ,1217.216,200,6.086079999999999,1216.0,6.08,2010-04-20
4,000006.SZ,0.0,0,0.0,0.0,12.24,2010-04-20
0,000001.SZ,4664.66,200,23.3233,4660.0,23.3,2010-04-21
1,000002.SZ,1849.848,200,9.24924,1848.0,9.24,2010-04-21
2,000004.SZ,2272.27,200,11.36135,2270.0,11.35,2010-04-21
3,000005.SZ,1217.216,200,6.086079999999999,1216.0,6.08,2010-04-21
4,000006.SZ,0.0,0,0.0,0.0,12.24,2010-04-21
0,000001.SZ,4664.66,200,23.3233,4660.0,23.3,2010-04-22
1,000002.SZ,1849.848,200,9.24924,1848.0,9.24,2010-04-22
2,000004.SZ,2272.27,200,11.36135,2270.0,11.35,2010-04-22
3,000005.SZ,1217.216,200,6.086079999999999,1216.0,6.08,2010-04-22
4,000006.SZ,0.0,0,0.0,0.0,12.24,2010-04-22
0,000001.SZ,4664.66,200,23.3233,4660.0,23.3,2010-04-23
1,000002.SZ,1849.848,200,9.24924,1848.0,9.24,2010-04-23
2,000004.SZ,2272.27,200,11.36135,2270.0,11.35,2010-04-23
3,000005.SZ,1217.216,200,6.086079999999999,1216.0,6.08,2010-04-23
4,000006.SZ,0.0,0,0.0,0.0,12.24,2010-04-23
0,000001.SZ,4664.66,200,23.3233,4660.0,23.3,2010-04-26
1,000002.SZ,1849.848,200,9.24924,1848.0,9.24,2010-04-26
2,000004.SZ,2272.27,200,11.36135,2270.0,11.35,2010-04-26
3,000005.SZ,1217.216,200,6.086079999999999,1216.0,6.08,2010-04-26
4,000006.SZ,0.0,0,0.0,0.0,12.24,2010-04-26
0,000001.SZ,4664.66,200,23.3233,4660.0,23.3,2010-04-27
1,000002.SZ,1849.848,200,9.24924,1848.0,9.24,2010-04-27
2,000004.SZ,2272.27,200,11.36135,2270.0,11.35,2010-04-27
3,000005.SZ,1217.216,200,6.086079999999999,1216.0,6.08,2010-04-27
4,000006.SZ,0.0,0,0.0,0.0,12.24,2010-04-27
0,000001.SZ,4664.66,200,23.3233,4660.0,23.3,2010-04-28
1,000002.SZ,1849.848,200,9.24924,1848.0,9.24,2010-04-28
2,000004.SZ,2272.27,200,11.36135,2270.0,11.35,2010-04-28
3,000005.SZ,1217.216,200,6.086079999999999,1216.0,6.08,2010-04-28
4,000006.SZ,0.0,0,0.0,0.0,12.24,2010-04-28
0,000001.SZ,4664.66,200,23.3233,4660.0,23.3,2010-04-29
1,000002.SZ,1849.848,200,9.24924,1848.0,9.24,2010-04-29
2,000004.SZ,2272.27,200,11.36135,2270.0,11.35,2010-04-29
3,000005.SZ,1217.216,200,6.086079999999999,1216.0,6.08,2010-04-29
4,000006.SZ,0.0,0,0.0,0.0,12.24,2010-04-29
0,000001.SZ,4664.66,200,23.3233,4660.0,23.3,2010-04-30
1,000002.SZ,1849.848,200,9.24924,1848.0,9.24,2010-04-30
2,000004.SZ,2272.27,200,11.36135,2270.0,11.35,2010-04-30
3,000005.SZ,1217.216,200,6.086079999999999,1216.0,6.08,2010-04-30
4,000006.SZ,0.0,0,0.0,0.0,12.24,2010-04-30
0,000001.SZ,4664.66,200,23.3233,4660.0,23.3,2010-05-04
1,000002.SZ,1849.848,200,9.24924,1848.0,9.24,2010-05-04
2,000004.SZ,2272.27,200,11.36135,2270.0,11.35,2010-05-04
3,000005.SZ,1217.216,200,6.086079999999999,1216.0,6.08,2010-05-04
4,000006.SZ,0.0,0,0.0,0.0,12.24,2010-05-04
0,000001.SZ,4664.66,200,23.3233,4660.0,23.3,2010-05-05
1,000002.SZ,1849.848,200,9.24924,1848.0,9.24,2010-05-05
2,000004.SZ,2272.27,200,11.36135,2270.0,11.35,2010-05-05
3,000005.SZ,1217.216,200,6.086079999999999,1216.0,6.08,2010-05-05
4,000006.SZ,0.0,0,0.0,0.0,12.24,2010-05-05
0,000001.SZ,4664.66,200,23.3233,4660.0,23.3,2010-05-06
1,000002.SZ,1849.848,200,9.24924,1848.0,9.24,2010-05-06
2,000004.SZ,2272.27,200,11.36135,2270.0,11.35,2010-05-06
3,000005.SZ,1217.216,200,6.086079999999999,1216.0,6.08,2010-05-06
4,000006.SZ,0.0,0,0.0,0.0,12.24,2010-05-06
0,000001.SZ,4664.66,200,23.3233,4660.0,23.3,2010-05-07
1,000002.SZ,1849.848,200,9.24924,1848.0,9.24,2010-05-07
2,000004.SZ,2272.27,200,11.36135,2270.0,11.35,2010-05-07
3,000005.SZ,1217.216,200,6.086079999999999,1216.0,6.08,2010-05-07
4,000006.SZ,0.0,0,0.0,0.0,12.24,2010-05-07
0,000001.SZ,4664.66,200,23.3233,4660.0,23.3,2010-05-10
1,000002.SZ,1849.848,200,9.24924,1848.0,9.24,2010-05-10
2,000004.SZ,2272.27,200,11.36135,2270.0,11.35,2010-05-10
3,000005.SZ,1217.216,200,6.086079999999999,1216.0,6.08,2010-05-10
4,000006.SZ,0.0,0,0.0,0.0,12.24,2010-05-10
0,000001.SZ,4664.66,200,23.3233,4660.0,23.3,2010-05-11
1,000002.SZ,1849.848,200,9.24924,1848.0,9.24,2010-05-11
2,000004.SZ,2272.27,200,11.36135,2270.0,11.35,2010-05-11
3,000005.SZ,1217.216,200,6.086079999999999,1216.0,6.08,2010-05-11
4,000006.SZ,0.0,0,0.0,0.0,12.24,2010-05-11
0,000001.SZ,4664.66,200,23.3233,4660.0,23.3,2010-05-12
1,000002.SZ,1849.848,200,9.24924,1848.0,9.24,2010-05-12
2,000004.SZ,2272.27,200,11.36135,2270.0,11.35,2010-05-12
3,000005.SZ,1217.216,200,6.086079999999999,1216.0,6.08,2010-05-12
4,000006.SZ,0.0,0,0.0,0.0,12.24,2010-05-12
0,000001.SZ,4664.66,200,23.3233,4660.0,23.3,2010-05-13
1,000002.SZ,1849.848,200,9.24924,1848.0,9.24,2010-05-13
2,000004.SZ,2272.27,200,11.36135,2270.0,11.35,2010-05-13
3,000005.SZ,1217.216,200,6.086079999999999,1216.0,6.08,2010-05-13
4,000006.SZ,0.0,0,0.0,0.0,12.24,2010-05-13
0,000001.SZ,4664.66,200,23.3233,4660.0,23.3,2010-05-14
1,000002.SZ,1849.848,200,9.24924,1848.0,9.24,2010-05-14
2,000004.SZ,0.0,0,0.0,0.0,9.7,2010-05-14
3,000005.SZ,1217.216,200,6.086079999999999,1216.0,6.08,2010-05-14
4,000006.SZ,1123.122,200,5.61561,1122.0,5.61,2010-05-14
0,000001.SZ,4664.66,200,23.3233,4660.0,23.3,2010-05-17
1,000002.SZ,1849.848,200,9.24924,1848.0,9.24,2010-05-17
2,000004.SZ,1845.8440000000003,200,9.229220000000002,1844.0000000000002,9.22,2010-05-17
3,000005.SZ,1217.216,200,6.086079999999999,1216.0,6.08,2010-05-17
4,000006.SZ,0.0,0,0.0,0.0,5.06,2010-05-17
0,000001.SZ,4664.66,200,23.3233,4660.0,23.3,2010-05-18
1,000002.SZ,1849.848,200,9.24924,1848.0,9.24,2010-05-18
2,000004.SZ,1845.8440000000003,200,9.229220000000002,1844.0000000000002,9.22,2010-05-18
3,000005.SZ,1217.216,200,6.086079999999999,1216.0,6.08,2010-05-18
4,000006.SZ,0.0,0,0.0,0.0,5.06,2010-05-18
0,000001.SZ,4664.66,200,23.3233,4660.0,23.3,2010-05-19
1,000002.SZ,1849.848,200,9.24924,1848.0,9.24,2010-05-19
2,000004.SZ,1845.8440000000003,200,9.229220000000002,1844.0000000000002,9.22,2010-05-19
3,000005.SZ,1217.216,200,6.086079999999999,1216.0,6.08,2010-05-19
4,000006.SZ,0.0,0,0.0,0.0,5.06,2010-05-19
0,000001.SZ,4664.66,200,23.3233,4660.0,23.3,2010-05-20
1,000002.SZ,1849.848,200,9.24924,1848.0,9.24,2010-05-20
2,000004.SZ,1845.8440000000003,200,9.229220000000002,1844.0000000000002,9.22,2010-05-20
3,000005.SZ,1217.216,200,6.086079999999999,1216.0,6.08,2010-05-20
4,000006.SZ,0.0,0,0.0,0.0,5.06,2010-05-20
0,000001.SZ,4664.66,200,23.3233,4660.0,23.3,2010-05-21
1,000002.SZ,1849.848,200,9.24924,1848.0,9.24,2010-05-21
2,000004.SZ,1845.8440000000003,200,9.229220000000002,1844.0000000000002,9.22,2010-05-21
3,000005.SZ,1217.216,200,6.086079999999999,1216.0,6.08,2010-05-21
4,000006.SZ,0.0,0,0.0,0.0,5.06,2010-05-21
0,000001.SZ,4664.66,200,23.3233,4660.0,23.3,2010-05-24
1,000002.SZ,1849.848,200,9.24924,1848.0,9.24,2010-05-24
2,000004.SZ,1845.8440000000003,200,9.229220000000002,1844.0000000000002,9.22,2010-05-24
3,000005.SZ,1217.216,200,6.086079999999999,1216.0,6.08,2010-05-24
4,000006.SZ,0.0,0,0.0,0.0,5.06,2010-05-24
0,000001.SZ,4664.66,200,23.3233,4660.0,23.3,2010-05-25
1,000002.SZ,1849.848,200,9.24924,1848.0,9.24,2010-05-25
2,000004.SZ,1845.8440000000003,200,9.229220000000002,1844.0000000000002,9.22,2010-05-25
3,000005.SZ,1217.216,200,6.086079999999999,1216.0,6.08,2010-05-25
4,000006.SZ,0.0,0,0.0,0.0,5.06,2010-05-25
0,000001.SZ,4664.66,200,23.3233,4660.0,23.3,2010-05-26
1,000002.SZ,1849.848,200,9.24924,1848.0,9.24,2010-05-26
2,000004.SZ,1845.8440000000003,200,9.229220000000002,1844.0000000000002,9.22,2010-05-26
3,000005.SZ,1217.216,200,6.086079999999999,1216.0,6.08,2010-05-26
4,000006.SZ,0.0,0,0.0,0.0,5.06,2010-05-26
0,000001.SZ,4664.66,200,23.3233,4660.0,23.3,2010-05-27
1,000002.SZ,1849.848,200,9.24924,1848.0,9.24,2010-05-27
2,000004.SZ,1845.8440000000003,200,9.229220000000002,1844.0000000000002,9.22,2010-05-27
3,000005.SZ,1217.216,200,6.086079999999999,1216.0,6.08,2010-05-27
4,000006.SZ,0.0,0,0.0,0.0,5.06,2010-05-27
0,000001.SZ,4664.66,200,23.3233,4660.0,23.3,2010-05-28
1,000002.SZ,1849.848,200,9.24924,1848.0,9.24,2010-05-28
2,000004.SZ,1845.8440000000003,200,9.229220000000002,1844.0000000000002,9.22,2010-05-28
3,000005.SZ,1217.216,200,6.086079999999999,1216.0,6.08,2010-05-28
4,000006.SZ,0.0,0,0.0,0.0,5.06,2010-05-28
0,000001.SZ,4664.66,200,23.3233,4660.0,23.3,2010-05-31
1,000002.SZ,1849.848,200,9.24924,1848.0,9.24,2010-05-31
2,000004.SZ,0.0,0,0.0,0.0,9.0,2010-05-31
3,000005.SZ,1217.216,200,6.086079999999999,1216.0,6.08,2010-05-31
4,000006.SZ,1093.092,200,5.46546,1092.0,5.46,2010-05-31
0,000001.SZ,4664.66,200,23.3233,4660.0,23.3,2010-06-01
1,000002.SZ,1849.848,200,9.24924,1848.0,9.24,2010-06-01
2,000004.SZ,1773.772,200,8.86886,1772.0,8.86,2010-06-01
3,000005.SZ,1217.216,200,6.086079999999999,1216.0,6.08,2010-06-01
4,000006.SZ,0.0,0,0.0,0.0,5.28,2010-06-01
0,000001.SZ,4664.66,200,23.3233,4660.0,23.3,2010-06-02
1,000002.SZ,1849.848,200,9.24924,1848.0,9.24,2010-06-02
2,000004.SZ,1773.772,200,8.86886,1772.0,8.86,2010-06-02
3,000005.SZ,1217.216,200,6.086079999999999,1216.0,6.08,2010-06-02
4,000006.SZ,0.0,0,0.0,0.0,5.28,2010-06-02
0,000001.SZ,4664.66,200,23.3233,4660.0,23.3,2010-06-03
1,000002.SZ,1849.848,200,9.24924,1848.0,9.24,2010-06-03
2,000004.SZ,1773.772,200,8.86886,1772.0,8.86,2010-06-03
3,000005.SZ,1217.216,200,6.086079999999999,1216.0,6.08,2010-06-03
4,000006.SZ,0.0,0,0.0,0.0,5.28,2010-06-03
0,000001.SZ,4664.66,200,23.3233,4660.0,23.3,2010-06-04
1,000002.SZ,1849.848,200,9.24924,1848.0,9.24,2010-06-04
2,000004.SZ,1773.772,200,8.86886,1772.0,8.86,2010-06-04
3,000005.SZ,1217.216,200,6.086079999999999,1216.0,6.08,2010-06-04
4,000006.SZ,0.0,0,0.0,0.0,5.28,2010-06-04
0,000001.SZ,4664.66,200,23.3233,4660.0,23.3,2010-06-07
1,000002.SZ,1849.848,200,9.24924,1848.0,9.24,2010-06-07
2,000004.SZ,1773.772,200,8.86886,1772.0,8.86,2010-06-07
3,000005.SZ,1217.216,200,6.086079999999999,1216.0,6.08,2010-06-07
4,000006.SZ,0.0,0,0.0,0.0,5.28,2010-06-07
0,000001.SZ,4664.66,200,23.3233,4660.0,23.3,2010-06-08
1,000002.SZ,1849.848,200,9.24924,1848.0,9.24,2010-06-08
2,000004.SZ,1773.772,200,8.86886,1772.0,8.86,2010-06-08
3,000005.SZ,1217.216,200,6.086079999999999,1216.0,6.08,2010-06-08
4,000006.SZ,0.0,0,0.0,0.0,5.28,2010-06-08
0,000001.SZ,4664.66,200,23.3233,4660.0,23.3,2010-06-09
1,000002.SZ,1849.848,200,9.24924,1848.0,9.24,2010-06-09
2,000004.SZ,1773.772,200,8.86886,1772.0,8.86,2010-06-09
3,000005.SZ,1217.216,200,6.086079999999999,1216.0,6.08,2010-06-09
4,000006.SZ,0.0,0,0.0,0.0,5.28,2010-06-09
0,000001.SZ,4664.66,200,23.3233,4660.0,23.3,2010-06-10
1,000002.SZ,1849.848,200,9.24924,1848.0,9.24,2010-06-10
2,000004.SZ,1773.772,200,8.86886,1772.0,8.86,2010-06-10
3,000005.SZ,1217.216,200,6.086079999999999,1216.0,6.08,2010-06-10
4,000006.SZ,0.0,0,0.0,0.0,5.28,2010-06-10
0,000001.SZ,4664.66,200,23.3233,4660.0,23.3,2010-06-11
1,000002.SZ,1849.848,200,9.24924,1848.0,9.24,2010-06-11
2,000004.SZ,1773.772,200,8.86886,1772.0,8.86,2010-06-11
3,000005.SZ,1217.216,200,6.086079999999999,1216.0,6.08,2010-06-11
4,000006.SZ,0.0,0,0.0,0.0,5.28,2010-06-11
0,000001.SZ,4664.66,200,23.3233,4660.0,23.3,2010-06-17
1,000002.SZ,1849.848,200,9.24924,1848.0,9.24,2010-06-17
2,000004.SZ,1773.772,200,8.86886,1772.0,8.86,2010-06-17
3,000005.SZ,1217.216,200,6.086079999999999,1216.0,6.08,2010-06-17
4,000006.SZ,0.0,0,0.0,0.0,5.28,2010-06-17
0,000001.SZ,0.0,0,0.0,0.0,17.32,2010-06-18
1,000002.SZ,1849.848,200,9.24924,1848.0,9.24,2010-06-18
2,000004.SZ,1773.772,200,8.86886,1772.0,8.86,2010-06-18
3,000005.SZ,0.0,0,0.0,0.0,4.09,2010-06-18
4,000006.SZ,1099.098,200,5.49549,1098.0,5.49,2010-06-18
0,000001.SZ,3663.66,200,18.3183,3660.0,18.3,2010-06-21
1,000002.SZ,1849.848,200,9.24924,1848.0,9.24,2010-06-21
2,000004.SZ,1773.772,200,8.86886,1772.0,8.86,2010-06-21
3,000005.SZ,850.85,200,4.25425,850.0,4.25,2010-06-21
4,000006.SZ,0.0,0,0.0,0.0,5.82,2010-06-21
0,000001.SZ,3663.66,200,18.3183,3660.0,18.3,2010-06-22
1,000002.SZ,1849.848,200,9.24924,1848.0,9.24,2010-06-22
2,000004.SZ,1773.772,200,8.86886,1772.0,8.86,2010-06-22
3,000005.SZ,850.85,200,4.25425,850.0,4.25,2010-06-22
4,000006.SZ,0.0,0,0.0,0.0,5.82,2010-06-22
0,000001.SZ,3663.66,200,18.3183,3660.0,18.3,2010-06-23
1,000002.SZ,1849.848,200,9.24924,1848.0,9.24,2010-06-23
2,000004.SZ,1773.772,200,8.86886,1772.0,8.86,2010-06-23
3,000005.SZ,850.85,200,4.25425,850.0,4.25,2010-06-23
4,000006.SZ,0.0,0,0.0,0.0,5.82,2010-06-23
0,000001.SZ,3663.66,200,18.3183,3660.0,18.3,2010-06-24
1,000002.SZ,1849.848,200,9.24924,1848.0,9.24,2010-06-24
2,000004.SZ,1773.772,200,8.86886,1772.0,8.86,2010-06-24
3,000005.SZ,850.85,200,4.25425,850.0,4.25,2010-06-24
4,000006.SZ,0.0,0,0.0,0.0,5.82,2010-06-24
0,000001.SZ,3663.66,200,18.3183,3660.0,18.3,2010-06-25
1,000002.SZ,1849.848,200,9.24924,1848.0,9.24,2010-06-25
2,000004.SZ,1773.772,200,8.86886,1772.0,8.86,2010-06-25
3,000005.SZ,850.85,200,4.25425,850.0,4.25,2010-06-25
4,000006.SZ,0.0,0,0.0,0.0,5.82,2010-06-25
0,000001.SZ,3663.66,200,18.3183,3660.0,18.3,2010-06-28
1,000002.SZ,1849.848,200,9.24924,1848.0,9.24,2010-06-28
2,000004.SZ,1773.772,200,8.86886,1772.0,8.86,2010-06-28
3,000005.SZ,850.85,200,4.25425,850.0,4.25,2010-06-28
4,000006.SZ,0.0,0,0.0,0.0,5.82,2010-06-28
0,000001.SZ,3663.66,200,18.3183,3660.0,18.3,2010-06-29
1,000002.SZ,1849.848,200,9.24924,1848.0,9.24,2010-06-29
2,000004.SZ,1773.772,200,8.86886,1772.0,8.86,2010-06-29
3,000005.SZ,850.85,200,4.25425,850.0,4.25,2010-06-29
4,000006.SZ,0.0,0,0.0,0.0,5.82,2010-06-29
0,000001.SZ,3663.66,200,18.3183,3660.0,18.3,2010-06-30
1,000002.SZ,1849.848,200,9.24924,1848.0,9.24,2010-06-30
2,000004.SZ,1773.772,200,8.86886,1772.0,8.86,2010-06-30
3,000005.SZ,850.85,200,4.25425,850.0,4.25,2010-06-30
4,000006.SZ,0.0,0,0.0,0.0,5.82,2010-06-30
0,000001.SZ,3663.66,200,18.3183,3660.0,18.3,2010-07-01
1,000002.SZ,1849.848,200,9.24924,1848.0,9.24,2010-07-01
2,000004.SZ,1773.772,200,8.86886,1772.0,8.86,2010-07-01
3,000005.SZ,850.85,200,4.25425,850.0,4.25,2010-07-01
4,000006.SZ,1025.024,200,5.125119999999999,1024.0,5.12,2010-07-01
0,000001.SZ,3663.66,200,18.3183,3660.0,18.3,2010-07-02
1,000002.SZ,1849.848,200,9.24924,1848.0,9.24,2010-07-02
2,000004.SZ,1773.772,200,8.86886,1772.0,8.86,2010-07-02
3,000005.SZ,850.85,200,4.25425,850.0,4.25,2010-07-02
4,000006.SZ,1025.024,200,5.125119999999999,1024.0,5.12,2010-07-02
0,000001.SZ,3663.66,200,18.3183,3660.0,18.3,2010-07-05
1,000002.SZ,1849.848,200,9.24924,1848.0,9.24,2010-07-05
2,000004.SZ,1773.772,200,8.86886,1772.0,8.86,2010-07-05
3,000005.SZ,850.85,200,4.25425,850.0,4.25,2010-07-05
4,000006.SZ,1025.024,200,5.125119999999999,1024.0,5.12,2010-07-05
0,000001.SZ,3663.66,200,18.3183,3660.0,18.3,2010-07-06
1,000002.SZ,1849.848,200,9.24924,1848.0,9.24,2010-07-06
2,000004.SZ,1773.772,200,8.86886,1772.0,8.86,2010-07-06
3,000005.SZ,850.85,200,4.25425,850.0,4.25,2010-07-06
4,000006.SZ,1025.024,200,5.125119999999999,1024.0,5.12,2010-07-06
0,000001.SZ,3663.66,200,18.3183,3660.0,18.3,2010-07-07
1,000002.SZ,1849.848,200,9.24924,1848.0,9.24,2010-07-07
2,000004.SZ,1773.772,200,8.86886,1772.0,8.86,2010-07-07
3,000005.SZ,850.85,200,4.25425,850.0,4.25,2010-07-07
4,000006.SZ,1025.024,200,5.125119999999999,1024.0,5.12,2010-07-07
0,000001.SZ,3663.66,200,18.3183,3660.0,18.3,2010-07-08
1,000002.SZ,1849.848,200,9.24924,1848.0,9.24,2010-07-08
2,000004.SZ,1773.772,200,8.86886,1772.0,8.86,2010-07-08
3,000005.SZ,850.85,200,4.25425,850.0,4.25,2010-07-08
4,000006.SZ,1025.024,200,5.125119999999999,1024.0,5.12,2010-07-08
0,000001.SZ,3663.66,200,18.3183,3660.0,18.3,2010-07-09
1,000002.SZ,1849.848,200,9.24924,1848.0,9.24,2010-07-09
2,000004.SZ,1773.772,200,8.86886,1772.0,8.86,2010-07-09
3,000005.SZ,850.85,200,4.25425,850.0,4.25,2010-07-09
4,000006.SZ,1025.024,200,5.125119999999999,1024.0,5.12,2010-07-09
0,000001.SZ,3663.66,200,18.3183,3660.0,18.3,2010-07-12
1,000002.SZ,1849.848,200,9.24924,1848.0,9.24,2010-07-12
2,000004.SZ,1773.772,200,8.86886,1772.0,8.86,2010-07-12
3,000005.SZ,850.85,200,4.25425,850.0,4.25,2010-07-12
4,000006.SZ,1025.024,200,5.125119999999999,1024.0,5.12,2010-07-12
0,000001.SZ,3663.66,200,18.3183,3660.0,18.3,2010-07-13
1,000002.SZ,1849.848,200,9.24924,1848.0,9.24,2010-07-13
2,000004.SZ,1773.772,200,8.86886,1772.0,8.86,2010-07-13
3,000005.SZ,850.85,200,4.25425,850.0,4.25,2010-07-13
4,000006.SZ,1025.024,200,5.125119999999999,1024.0,5.12,2010-07-13
0,000001.SZ,3663.66,200,18.3183,3660.0,18.3,2010-07-14
1,000002.SZ,1849.848,200,9.24924,1848.0,9.24,2010-07-14
2,000004.SZ,1773.772,200,8.86886,1772.0,8.86,2010-07-14
3,000005.SZ,850.85,200,4.25425,850.0,4.25,2010-07-14
4,000006.SZ,1025.024,200,5.125119999999999,1024.0,5.12,2010-07-14
0,000001.SZ,3663.66,200,18.3183,3660.0,18.3,2010-07-15
1,000002.SZ,1849.848,200,9.24924,1848.0,9.24,2010-07-15
2,000004.SZ,1773.772,200,8.86886,1772.0,8.86,2010-07-15
3,000005.SZ,850.85,200,4.25425,850.0,4.25,2010-07-15
4,000006.SZ,1025.024,200,5.125119999999999,1024.0,5.12,2010-07-15
0,000001.SZ,3663.66,200,18.3183,3660.0,18.3,2010-07-16
1,000002.SZ,1849.848,200,9.24924,1848.0,9.24,2010-07-16
2,000004.SZ,1773.772,200,8.86886,1772.0,8.86,2010-07-16
3,000005.SZ,850.85,200,4.25425,850.0,4.25,2010-07-16
4,000006.SZ,1025.024,200,5.125119999999999,1024.0,5.12,2010-07-16
0,000001.SZ,3663.66,200,18.3183,3660.0,18.3,2010-07-19
1,000002.SZ,1849.848,200,9.24924,1848.0,9.24,2010-07-19
2,000004.SZ,1773.772,200,8.86886,1772.0,8.86,2010-07-19
3,000005.SZ,850.85,200,4.25425,850.0,4.25,2010-07-19
4,000006.SZ,1025.024,200,5.125119999999999,1024.0,5.12,2010-07-19
0,000001.SZ,3663.66,200,18.3183,3660.0,18.3,2010-07-20
1,000002.SZ,1849.848,200,9.24924,1848.0,9.24,2010-07-20
2,000004.SZ,1773.772,200,8.86886,1772.0,8.86,2010-07-20
3,000005.SZ,850.85,200,4.25425,850.0,4.25,2010-07-20
4,000006.SZ,1025.024,200,5.125119999999999,1024.0,5.12,2010-07-20
0,000001.SZ,3663.66,200,18.3183,3660.0,18.3,2010-07-21
1,000002.SZ,1849.848,200,9.24924,1848.0,9.24,2010-07-21
2,000004.SZ,1773.772,200,8.86886,1772.0,8.86,2010-07-21
3,000005.SZ,850.85,200,4.25425,850.0,4.25,2010-07-21
4,000006.SZ,1025.024,200,5.125119999999999,1024.0,5.12,2010-07-21
0,000001.SZ,3663.66,200,18.3183,3660.0,18.3,2010-07-22
1,000002.SZ,1849.848,200,9.24924,1848.0,9.24,2010-07-22
2,000004.SZ,1773.772,200,8.86886,1772.0,8.86,2010-07-22
3,000005.SZ,850.85,200,4.25425,850.0,4.25,2010-07-22
4,000006.SZ,1025.024,200,5.125119999999999,1024.0,5.12,2010-07-22
0,000001.SZ,3663.66,200,18.3183,3660.0,18.3,2010-07-23
1,000002.SZ,1849.848,200,9.24924,1848.0,9.24,2010-07-23
2,000004.SZ,1773.772,200,8.86886,1772.0,8.86,2010-07-23
3,000005.SZ,850.85,200,4.25425,850.0,4.25,2010-07-23
4,000006.SZ,1025.024,200,5.125119999999999,1024.0,5.12,2010-07-23
0,000001.SZ,3663.66,200,18.3183,3660.0,18.3,2010-07-26
1,000002.SZ,1849.848,200,9.24924,1848.0,9.24,2010-07-26
2,000004.SZ,1773.772,200,8.86886,1772.0,8.86,2010-07-26
3,000005.SZ,850.85,200,4.25425,850.0,4.25,2010-07-26
4,000006.SZ,1025.024,200,5.125119999999999,1024.0,5.12,2010-07-26
0,000001.SZ,3663.66,200,18.3183,3660.0,18.3,2010-07-27
1,000002.SZ,1849.848,200,9.24924,1848.0,9.24,2010-07-27
2,000004.SZ,1773.772,200,8.86886,1772.0,8.86,2010-07-27
3,000005.SZ,850.85,200,4.25425,850.0,4.25,2010-07-27
4,000006.SZ,1025.024,200,5.125119999999999,1024.0,5.12,2010-07-27
0,000001.SZ,3663.66,200,18.3183,3660.0,18.3,2010-07-28
1,000002.SZ,1849.848,200,9.24924,1848.0,9.24,2010-07-28
2,000004.SZ,1773.772,200,8.86886,1772.0,8.86,2010-07-28
3,000005.SZ,850.85,200,4.25425,850.0,4.25,2010-07-28
4,000006.SZ,1025.024,200,5.125119999999999,1024.0,5.12,2010-07-28
0,000001.SZ,3663.66,200,18.3183,3660.0,18.3,2010-07-29
1,000002.SZ,1849.848,200,9.24924,1848.0,9.24,2010-07-29
2,000004.SZ,1773.772,200,8.86886,1772.0,8.86,2010-07-29
3,000005.SZ,850.85,200,4.25425,850.0,4.25,2010-07-29
4,000006.SZ,1025.024,200,5.125119999999999,1024.0,5.12,2010-07-29
0,000001.SZ,3663.66,200,18.3183,3660.0,18.3,2010-07-30
1,000002.SZ,1849.848,200,9.24924,1848.0,9.24,2010-07-30
2,000004.SZ,1773.772,200,8.86886,1772.0,8.86,2010-07-30
3,000005.SZ,850.85,200,4.25425,850.0,4.25,2010-07-30
4,000006.SZ,1025.024,200,5.125119999999999,1024.0,5.12,2010-07-30
0,000001.SZ,3663.66,200,18.3183,3660.0,18.3,2010-08-02
1,000002.SZ,1849.848,200,9.24924,1848.0,9.24,2010-08-02
2,000004.SZ,1773.772,200,8.86886,1772.0,8.86,2010-08-02
3,000005.SZ,850.85,200,4.25425,850.0,4.25,2010-08-02
4,000006.SZ,1025.024,200,5.125119999999999,1024.0,5.12,2010-08-02
0,000001.SZ,3663.66,200,18.3183,3660.0,18.3,2010-08-03
1,000002.SZ,1849.848,200,9.24924,1848.0,9.24,2010-08-03
2,000004.SZ,1773.772,200,8.86886,1772.0,8.86,2010-08-03
3,000005.SZ,850.85,200,4.25425,850.0,4.25,2010-08-03
4,000006.SZ,1025.024,200,5.125119999999999,1024.0,5.12,2010-08-03
0,000001.SZ,3663.66,200,18.3183,3660.0,18.3,2010-08-04
1,000002.SZ,1849.848,200,9.24924,1848.0,9.24,2010-08-04
2,000004.SZ,1773.772,200,8.86886,1772.0,8.86,2010-08-04
3,000005.SZ,850.85,200,4.25425,850.0,4.25,2010-08-04
4,000006.SZ,1025.024,200,5.125119999999999,1024.0,5.12,2010-08-04
0,000001.SZ,3663.66,200,18.3183,3660.0,18.3,2010-08-05
1,000002.SZ,1849.848,200,9.24924,1848.0,9.24,2010-08-05
2,000004.SZ,1773.772,200,8.86886,1772.0,8.86,2010-08-05
3,000005.SZ,850.85,200,4.25425,850.0,4.25,2010-08-05
4,000006.SZ,1025.024,200,5.125119999999999,1024.0,5.12,2010-08-05
0,000001.SZ,3663.66,200,18.3183,3660.0,18.3,2010-08-06
1,000002.SZ,1849.848,200,9.24924,1848.0,9.24,2010-08-06
2,000004.SZ,1773.772,200,8.86886,1772.0,8.86,2010-08-06
3,000005.SZ,850.85,200,4.25425,850.0,4.25,2010-08-06
4,000006.SZ,1025.024,200,5.125119999999999,1024.0,5.12,2010-08-06
0,000001.SZ,3663.66,200,18.3183,3660.0,18.3,2010-08-09
1,000002.SZ,1849.848,200,9.24924,1848.0,9.24,2010-08-09
2,000004.SZ,1773.772,200,8.86886,1772.0,8.86,2010-08-09
3,000005.SZ,850.85,200,4.25425,850.0,4.25,2010-08-09
4,000006.SZ,1025.024,200,5.125119999999999,1024.0,5.12,2010-08-09
0,000001.SZ,3663.66,200,18.3183,3660.0,18.3,2010-08-10
1,000002.SZ,1849.848,200,9.24924,1848.0,9.24,2010-08-10
2,000004.SZ,1773.772,200,8.86886,1772.0,8.86,2010-08-10
3,000005.SZ,850.85,200,4.25425,850.0,4.25,2010-08-10
4,000006.SZ,1025.024,200,5.125119999999999,1024.0,5.12,2010-08-10
0,000001.SZ,3663.66,200,18.3183,3660.0,18.3,2010-08-11
1,000002.SZ,0.0,0,0.0,0.0,8.32,2010-08-11
2,000004.SZ,1773.772,200,8.86886,1772.0,8.86,2010-08-11
3,000005.SZ,850.85,200,4.25425,850.0,4.25,2010-08-11
4,000006.SZ,1025.024,200,5.125119999999999,1024.0,5.12,2010-08-11
0,000001.SZ,3663.66,200,18.3183,3660.0,18.3,2010-08-12
1,000002.SZ,1693.6920000000002,200,8.46846,1692.0000000000002,8.46,2010-08-12
2,000004.SZ,1773.772,200,8.86886,1772.0,8.86,2010-08-12
3,000005.SZ,850.85,200,4.25425,850.0,4.25,2010-08-12
4,000006.SZ,1025.024,200,5.125119999999999,1024.0,5.12,2010-08-12
0,000001.SZ,3663.66,200,18.3183,3660.0,18.3,2010-08-13
1,000002.SZ,1693.6920000000002,200,8.46846,1692.0000000000002,8.46,2010-08-13
2,000004.SZ,1773.772,200,8.86886,1772.0,8.86,2010-08-13
3,000005.SZ,850.85,200,4.25425,850.0,4.25,2010-08-13
4,000006.SZ,1025.024,200,5.125119999999999,1024.0,5.12,2010-08-13
0,000001.SZ,3663.66,200,18.3183,3660.0,18.3,2010-08-16
1,000002.SZ,1693.6920000000002,200,8.46846,1692.0000000000002,8.46,2010-08-16
2,000004.SZ,1773.772,200,8.86886,1772.0,8.86,2010-08-16
3,000005.SZ,850.85,200,4.25425,850.0,4.25,2010-08-16
4,000006.SZ,1025.024,200,5.125119999999999,1024.0,5.12,2010-08-16
0,000001.SZ,3663.66,200,18.3183,3660.0,18.3,2010-08-17
1,000002.SZ,1693.6920000000002,200,8.46846,1692.0000000000002,8.46,2010-08-17
2,000004.SZ,1773.772,200,8.86886,1772.0,8.86,2010-08-17
3,000005.SZ,850.85,200,4.25425,850.0,4.25,2010-08-17
4,000006.SZ,1025.024,200,5.125119999999999,1024.0,5.12,2010-08-17
0,000001.SZ,3663.66,200,18.3183,3660.0,18.3,2010-08-18
1,000002.SZ,1693.6920000000002,200,8.46846,1692.0000000000002,8.46,2010-08-18
2,000004.SZ,1773.772,200,8.86886,1772.0,8.86,2010-08-18
3,000005.SZ,850.85,200,4.25425,850.0,4.25,2010-08-18
4,000006.SZ,1025.024,200,5.125119999999999,1024.0,5.12,2010-08-18
0,000001.SZ,3663.66,200,18.3183,3660.0,18.3,2010-08-19
1,000002.SZ,1693.6920000000002,200,8.46846,1692.0000000000002,8.46,2010-08-19
2,000004.SZ,1773.772,200,8.86886,1772.0,8.86,2010-08-19
3,000005.SZ,850.85,200,4.25425,850.0,4.25,2010-08-19
4,000006.SZ,1025.024,200,5.125119999999999,1024.0,5.12,2010-08-19
0,000001.SZ,3663.66,200,18.3183,3660.0,18.3,2010-08-20
1,000002.SZ,1693.6920000000002,200,8.46846,1692.0000000000002,8.46,2010-08-20
2,000004.SZ,1773.772,200,8.86886,1772.0,8.86,2010-08-20
3,000005.SZ,850.85,200,4.25425,850.0,4.25,2010-08-20
4,000006.SZ,1025.024,200,5.125119999999999,1024.0,5.12,2010-08-20
0,000001.SZ,3663.66,200,18.3183,3660.0,18.3,2010-08-23
1,000002.SZ,1693.6920000000002,200,8.46846,1692.0000000000002,8.46,2010-08-23
2,000004.SZ,1773.772,200,8.86886,1772.0,8.86,2010-08-23
3,000005.SZ,850.85,200,4.25425,850.0,4.25,2010-08-23
4,000006.SZ,1025.024,200,5.125119999999999,1024.0,5.12,2010-08-23
0,000001.SZ,3663.66,200,18.3183,3660.0,18.3,2010-08-24
1,000002.SZ,1693.6920000000002,200,8.46846,1692.0000000000002,8.46,2010-08-24
2,000004.SZ,1773.772,200,8.86886,1772.0,8.86,2010-08-24
3,000005.SZ,850.85,200,4.25425,850.0,4.25,2010-08-24
4,000006.SZ,1025.024,200,5.125119999999999,1024.0,5.12,2010-08-24
0,000001.SZ,3663.66,200,18.3183,3660.0,18.3,2010-08-25
1,000002.SZ,1693.6920000000002,200,8.46846,1692.0000000000002,8.46,2010-08-25
2,000004.SZ,1773.772,200,8.86886,1772.0,8.86,2010-08-25
3,000005.SZ,850.85,200,4.25425,850.0,4.25,2010-08-25
4,000006.SZ,1025.024,200,5.125119999999999,1024.0,5.12,2010-08-25
0,000001.SZ,3663.66,200,18.3183,3660.0,18.3,2010-08-26
1,000002.SZ,1693.6920000000002,200,8.46846,1692.0000000000002,8.46,2010-08-26
2,000004.SZ,1773.772,200,8.86886,1772.0,8.86,2010-08-26
3,000005.SZ,850.85,200,4.25425,850.0,4.25,2010-08-26
4,000006.SZ,1025.024,200,5.125119999999999,1024.0,5.12,2010-08-26
0,000001.SZ,3663.66,200,18.3183,3660.0,18.3,2010-08-27
1,000002.SZ,1693.6920000000002,200,8.46846,1692.0000000000002,8.46,2010-08-27
2,000004.SZ,1773.772,200,8.86886,1772.0,8.86,2010-08-27
3,000005.SZ,850.85,200,4.25425,850.0,4.25,2010-08-27
4,000006.SZ,1025.024,200,5.125119999999999,1024.0,5.12,2010-08-27
0,000001.SZ,3663.66,200,18.3183,3660.0,18.3,2010-08-30
1,000002.SZ,1693.6920000000002,200,8.46846,1692.0000000000002,8.46,2010-08-30
2,000004.SZ,1773.772,200,8.86886,1772.0,8.86,2010-08-30
3,000005.SZ,850.85,200,4.25425,850.0,4.25,2010-08-30
4,000006.SZ,1025.024,200,5.125119999999999,1024.0,5.12,2010-08-30
0,000001.SZ,3663.66,200,18.3183,3660.0,18.3,2010-08-31
1,000002.SZ,1693.6920000000002,200,8.46846,1692.0000000000002,8.46,2010-08-31
2,000004.SZ,1773.772,200,8.86886,1772.0,8.86,2010-08-31
3,000005.SZ,850.85,200,4.25425,850.0,4.25,2010-08-31
4,000006.SZ,1025.024,200,5.125119999999999,1024.0,5.12,2010-08-31
0,000001.SZ,3663.66,200,18.3183,3660.0,18.3,2010-09-01
1,000002.SZ,1693.6920000000002,200,8.46846,1692.0000000000002,8.46,2010-09-01
2,000004.SZ,1773.772,200,8.86886,1772.0,8.86,2010-09-01
3,000005.SZ,850.85,200,4.25425,850.0,4.25,2010-09-01
4,000006.SZ,1025.024,200,5.125119999999999,1024.0,5.12,2010-09-01
0,000001.SZ,0.0,0,0.0,0.0,18.19,2010-09-02
1,000002.SZ,1693.6920000000002,200,8.46846,1692.0000000000002,8.46,2010-09-02
2,000004.SZ,1773.772,200,8.86886,1772.0,8.86,2010-09-02
3,000005.SZ,850.85,200,4.25425,850.0,4.25,2010-09-02
4,000006.SZ,1025.024,200,5.125119999999999,1024.0,5.12,2010-09-02
0,000001.SZ,3555.5520000000006,200,17.777760000000004,3552.0000000000005,17.76,2010-09-03
1,000002.SZ,1693.6920000000002,200,8.46846,1692.0000000000002,8.46,2010-09-03
2,000004.SZ,1773.772,200,8.86886,1772.0,8.86,2010-09-03
3,000005.SZ,850.85,200,4.25425,850.0,4.25,2010-09-03
4,000006.SZ,0.0,0,0.0,0.0,8.06,2010-09-03
0,000001.SZ,3555.5520000000006,200,17.777760000000004,3552.0000000000005,17.76,2010-09-06
1,000002.SZ,1693.6920000000002,200,8.46846,1692.0000000000002,8.46,2010-09-06
2,000004.SZ,1773.772,200,8.86886,1772.0,8.86,2010-09-06
3,000005.SZ,850.85,200,4.25425,850.0,4.25,2010-09-06
4,000006.SZ,0.0,0,0.0,0.0,8.06,2010-09-06
0,000001.SZ,3555.5520000000006,200,17.777760000000004,3552.0000000000005,17.76,2010-09-07
1,000002.SZ,1693.6920000000002,200,8.46846,1692.0000000000002,8.46,2010-09-07
2,000004.SZ,1773.772,200,8.86886,1772.0,8.86,2010-09-07
3,000005.SZ,850.85,200,4.25425,850.0,4.25,2010-09-07
4,000006.SZ,0.0,0,0.0,0.0,8.06,2010-09-07
0,000001.SZ,3555.5520000000006,200,17.777760000000004,3552.0000000000005,17.76,2010-09-08
1,000002.SZ,1693.6920000000002,200,8.46846,1692.0000000000002,8.46,2010-09-08
2,000004.SZ,1773.772,200,8.86886,1772.0,8.86,2010-09-08
3,000005.SZ,850.85,200,4.25425,850.0,4.25,2010-09-08
4,000006.SZ,0.0,0,0.0,0.0,8.06,2010-09-08
0,000001.SZ,3555.5520000000006,200,17.777760000000004,3552.0000000000005,17.76,2010-09-09
1,000002.SZ,1693.6920000000002,200,8.46846,1692.0000000000002,8.46,2010-09-09
2,000004.SZ,1773.772,200,8.86886,1772.0,8.86,2010-09-09
3,000005.SZ,850.85,200,4.25425,850.0,4.25,2010-09-09
4,000006.SZ,0.0,0,0.0,0.0,8.06,2010-09-09
0,000001.SZ,3555.5520000000006,200,17.777760000000004,3552.0000000000005,17.76,2010-09-10
1,000002.SZ,1693.6920000000002,200,8.46846,1692.0000000000002,8.46,2010-09-10
2,000004.SZ,1773.772,200,8.86886,1772.0,8.86,2010-09-10
3,000005.SZ,850.85,200,4.25425,850.0,4.25,2010-09-10
4,000006.SZ,0.0,0,0.0,0.0,8.06,2010-09-10
0,000001.SZ,3555.5520000000006,200,17.777760000000004,3552.0000000000005,17.76,2010-09-13
1,000002.SZ,1693.6920000000002,200,8.46846,1692.0000000000002,8.46,2010-09-13
2,000004.SZ,1773.772,200,8.86886,1772.0,8.86,2010-09-13
3,000005.SZ,850.85,200,4.25425,850.0,4.25,2010-09-13
4,000006.SZ,0.0,0,0.0,0.0,8.06,2010-09-13
0,000001.SZ,3555.5520000000006,200,17.777760000000004,3552.0000000000005,17.76,2010-09-14
1,000002.SZ,1693.6920000000002,200,8.46846,1692.0000000000002,8.46,2010-09-14
2,000004.SZ,1773.772,200,8.86886,1772.0,8.86,2010-09-14
3,000005.SZ,850.85,200,4.25425,850.0,4.25,2010-09-14
4,000006.SZ,0.0,0,0.0,0.0,8.06,2010-09-14
0,000001.SZ,3555.5520000000006,200,17.777760000000004,3552.0000000000005,17.76,2010-09-15
1,000002.SZ,1693.6920000000002,200,8.46846,1692.0000000000002,8.46,2010-09-15
2,000004.SZ,1773.772,200,8.86886,1772.0,8.86,2010-09-15
3,000005.SZ,850.85,200,4.25425,850.0,4.25,2010-09-15
4,000006.SZ,0.0,0,0.0,0.0,8.06,2010-09-15
0,000001.SZ,3555.5520000000006,200,17.777760000000004,3552.0000000000005,17.76,2010-09-16
1,000002.SZ,1693.6920000000002,200,8.46846,1692.0000000000002,8.46,2010-09-16
2,000004.SZ,1773.772,200,8.86886,1772.0,8.86,2010-09-16
3,000005.SZ,850.85,200,4.25425,850.0,4.25,2010-09-16
4,000006.SZ,0.0,0,0.0,0.0,8.06,2010-09-16
0,000001.SZ,3555.5520000000006,200,17.777760000000004,3552.0000000000005,17.76,2010-09-17
1,000002.SZ,1693.6920000000002,200,8.46846,1692.0000000000002,8.46,2010-09-17
2,000004.SZ,1773.772,200,8.86886,1772.0,8.86,2010-09-17
3,000005.SZ,850.85,200,4.25425,850.0,4.25,2010-09-17
4,000006.SZ,0.0,0,0.0,0.0,8.06,2010-09-17
0,000001.SZ,3555.5520000000006,200,17.777760000000004,3552.0000000000005,17.76,2010-09-20
1,000002.SZ,1693.6920000000002,200,8.46846,1692.0000000000002,8.46,2010-09-20
2,000004.SZ,1773.772,200,8.86886,1772.0,8.86,2010-09-20
3,000005.SZ,850.85,200,4.25425,850.0,4.25,2010-09-20
4,000006.SZ,0.0,0,0.0,0.0,8.06,2010-09-20
0,000001.SZ,3555.5520000000006,200,17.777760000000004,3552.0000000000005,17.76,2010-09-21
1,000002.SZ,1693.6920000000002,200,8.46846,1692.0000000000002,8.46,2010-09-21
2,000004.SZ,1773.772,200,8.86886,1772.0,8.86,2010-09-21
3,000005.SZ,850.85,200,4.25425,850.0,4.25,2010-09-21
4,000006.SZ,0.0,0,0.0,0.0,8.06,2010-09-21
0,000001.SZ,3555.5520000000006,200,17.777760000000004,3552.0000000000005,17.76,2010-09-27
1,000002.SZ,1693.6920000000002,200,8.46846,1692.0000000000002,8.46,2010-09-27
2,000004.SZ,1773.772,200,8.86886,1772.0,8.86,2010-09-27
3,000005.SZ,850.85,200,4.25425,850.0,4.25,2010-09-27
4,000006.SZ,0.0,0,0.0,0.0,8.06,2010-09-27
0,000001.SZ,3555.5520000000006,200,17.777760000000004,3552.0000000000005,17.76,2010-09-28
1,000002.SZ,1693.6920000000002,200,8.46846,1692.0000000000002,8.46,2010-09-28
2,000004.SZ,1773.772,200,8.86886,1772.0,8.86,2010-09-28
3,000005.SZ,850.85,200,4.25425,850.0,4.25,2010-09-28
4,000006.SZ,0.0,0,0.0,0.0,8.06,2010-09-28
0,000001.SZ,3555.5520000000006,200,17.777760000000004,3552.0000000000005,17.76,2010-09-29
1,000002.SZ,1693.6920000000002,200,8.46846,1692.0000000000002,8.46,2010-09-29
2,000004.SZ,1773.772,200,8.86886,1772.0,8.86,2010-09-29
3,000005.SZ,850.85,200,4.25425,850.0,4.25,2010-09-29
4,000006.SZ,0.0,0,0.0,0.0,8.06,2010-09-29
0,000001.SZ,3555.5520000000006,200,17.777760000000004,3552.0000000000005,17.76,2010-09-30
1,000002.SZ,1693.6920000000002,200,8.46846,1692.0000000000002,8.46,2010-09-30
2,000004.SZ,1773.772,200,8.86886,1772.0,8.86,2010-09-30
3,000005.SZ,850.85,200,4.25425,850.0,4.25,2010-09-30
4,000006.SZ,0.0,0,0.0,0.0,8.06,2010-09-30
0,000001.SZ,0.0,0,0.0,0.0,17.22,2010-10-08
1,000002.SZ,1693.6920000000002,200,8.46846,1692.0000000000002,8.46,2010-10-08
2,000004.SZ,1773.772,200,8.86886,1772.0,8.86,2010-10-08
3,000005.SZ,850.85,200,4.25425,850.0,4.25,2010-10-08
4,000006.SZ,1497.496,200,7.487480000000001,1496.0,7.48,2010-10-08
0,000001.SZ,3611.608,200,18.058040000000002,3608.0,18.04,2010-10-11
1,000002.SZ,1693.6920000000002,200,8.46846,1692.0000000000002,8.46,2010-10-11
2,000004.SZ,1773.772,200,8.86886,1772.0,8.86,2010-10-11
3,000005.SZ,850.85,200,4.25425,850.0,4.25,2010-10-11
4,000006.SZ,0.0,0,0.0,0.0,7.68,2010-10-11
0,000001.SZ,3611.608,200,18.058040000000002,3608.0,18.04,2010-10-12
1,000002.SZ,1693.6920000000002,200,8.46846,1692.0000000000002,8.46,2010-10-12
2,000004.SZ,1773.772,200,8.86886,1772.0,8.86,2010-10-12
3,000005.SZ,850.85,200,4.25425,850.0,4.25,2010-10-12
4,000006.SZ,0.0,0,0.0,0.0,7.68,2010-10-12
0,000001.SZ,3611.608,200,18.058040000000002,3608.0,18.04,2010-10-13
1,000002.SZ,1693.6920000000002,200,8.46846,1692.0000000000002,8.46,2010-10-13
2,000004.SZ,1773.772,200,8.86886,1772.0,8.86,2010-10-13
3,000005.SZ,850.85,200,4.25425,850.0,4.25,2010-10-13
4,000006.SZ,0.0,0,0.0,0.0,7.68,2010-10-13
0,000001.SZ,3611.608,200,18.058040000000002,3608.0,18.04,2010-10-14
1,000002.SZ,1693.6920000000002,200,8.46846,1692.0000000000002,8.46,2010-10-14
2,000004.SZ,1773.772,200,8.86886,1772.0,8.86,2010-10-14
3,000005.SZ,850.85,200,4.25425,850.0,4.25,2010-10-14
4,000006.SZ,0.0,0,0.0,0.0,7.68,2010-10-14
0,000001.SZ,3611.608,200,18.058040000000002,3608.0,18.04,2010-10-15
1,000002.SZ,1693.6920000000002,200,8.46846,1692.0000000000002,8.46,2010-10-15
2,000004.SZ,1773.772,200,8.86886,1772.0,8.86,2010-10-15
3,000005.SZ,850.85,200,4.25425,850.0,4.25,2010-10-15
4,000006.SZ,0.0,0,0.0,0.0,7.68,2010-10-15
0,000001.SZ,3611.608,200,18.058040000000002,3608.0,18.04,2010-10-18
1,000002.SZ,1693.6920000000002,200,8.46846,1692.0000000000002,8.46,2010-10-18
2,000004.SZ,1773.772,200,8.86886,1772.0,8.86,2010-10-18
3,000005.SZ,850.85,200,4.25425,850.0,4.25,2010-10-18
4,000006.SZ,0.0,0,0.0,0.0,7.68,2010-10-18
0,000001.SZ,3611.608,200,18.058040000000002,3608.0,18.04,2010-10-19
1,000002.SZ,1693.6920000000002,200,8.46846,1692.0000000000002,8.46,2010-10-19
2,000004.SZ,1773.772,200,8.86886,1772.0,8.86,2010-10-19
3,000005.SZ,850.85,200,4.25425,850.0,4.25,2010-10-19
4,000006.SZ,0.0,0,0.0,0.0,7.68,2010-10-19
0,000001.SZ,3611.608,200,18.058040000000002,3608.0,18.04,2010-10-20
1,000002.SZ,1693.6920000000002,200,8.46846,1692.0000000000002,8.46,2010-10-20
2,000004.SZ,1773.772,200,8.86886,1772.0,8.86,2010-10-20
3,000005.SZ,850.85,200,4.25425,850.0,4.25,2010-10-20
4,000006.SZ,0.0,0,0.0,0.0,7.68,2010-10-20
0,000001.SZ,3611.608,200,18.058040000000002,3608.0,18.04,2010-10-21
1,000002.SZ,1693.6920000000002,200,8.46846,1692.0000000000002,8.46,2010-10-21
2,000004.SZ,1773.772,200,8.86886,1772.0,8.86,2010-10-21
3,000005.SZ,850.85,200,4.25425,850.0,4.25,2010-10-21
4,000006.SZ,0.0,0,0.0,0.0,7.68,2010-10-21
0,000001.SZ,3611.608,200,18.058040000000002,3608.0,18.04,2010-10-22
1,000002.SZ,1693.6920000000002,200,8.46846,1692.0000000000002,8.46,2010-10-22
2,000004.SZ,1773.772,200,8.86886,1772.0,8.86,2010-10-22
3,000005.SZ,850.85,200,4.25425,850.0,4.25,2010-10-22
4,000006.SZ,0.0,0,0.0,0.0,7.68,2010-10-22
0,000001.SZ,3611.608,200,18.058040000000002,3608.0,18.04,2010-10-25
1,000002.SZ,1693.6920000000002,200,8.46846,1692.0000000000002,8.46,2010-10-25
2,000004.SZ,1773.772,200,8.86886,1772.0,8.86,2010-10-25
3,000005.SZ,850.85,200,4.25425,850.0,4.25,2010-10-25
4,000006.SZ,0.0,0,0.0,0.0,7.68,2010-10-25
0,000001.SZ,3611.608,200,18.058040000000002,3608.0,18.04,2010-10-26
1,000002.SZ,1693.6920000000002,200,8.46846,1692.0000000000002,8.46,2010-10-26
2,000004.SZ,1773.772,200,8.86886,1772.0,8.86,2010-10-26
3,000005.SZ,850.85,200,4.25425,850.0,4.25,2010-10-26
4,000006.SZ,0.0,0,0.0,0.0,7.68,2010-10-26
0,000001.SZ,3611.608,200,18.058040000000002,3608.0,18.04,2010-10-27
1,000002.SZ,1693.6920000000002,200,8.46846,1692.0000000000002,8.46,2010-10-27
2,000004.SZ,1773.772,200,8.86886,1772.0,8.86,2010-10-27
3,000005.SZ,850.85,200,4.25425,850.0,4.25,2010-10-27
4,000006.SZ,0.0,0,0.0,0.0,7.68,2010-10-27
0,000001.SZ,3611.608,200,18.058040000000002,3608.0,18.04,2010-10-28
1,000002.SZ,1693.6920000000002,200,8.46846,1692.0000000000002,8.46,2010-10-28
2,000004.SZ,1773.772,200,8.86886,1772.0,8.86,2010-10-28
3,000005.SZ,850.85,200,4.25425,850.0,4.25,2010-10-28
4,000006.SZ,0.0,0,0.0,0.0,7.68,2010-10-28
0,000001.SZ,3611.608,200,18.058040000000002,3608.0,18.04,2010-10-29
1,000002.SZ,1693.6920000000002,200,8.46846,1692.0000000000002,8.46,2010-10-29
2,000004.SZ,1773.772,200,8.86886,1772.0,8.86,2010-10-29
3,000005.SZ,850.85,200,4.25425,850.0,4.25,2010-10-29
4,000006.SZ,0.0,0,0.0,0.0,7.68,2010-10-29
0,000001.SZ,3611.608,200,18.058040000000002,3608.0,18.04,2010-11-01
1,000002.SZ,1693.6920000000002,200,8.46846,1692.0000000000002,8.46,2010-11-01
2,000004.SZ,1773.772,200,8.86886,1772.0,8.86,2010-11-01
3,000005.SZ,850.85,200,4.25425,850.0,4.25,2010-11-01
4,000006.SZ,0.0,0,0.0,0.0,7.68,2010-11-01
0,000001.SZ,3611.608,200,18.058040000000002,3608.0,18.04,2010-11-02
1,000002.SZ,1693.6920000000002,200,8.46846,1692.0000000000002,8.46,2010-11-02
2,000004.SZ,1773.772,200,8.86886,1772.0,8.86,2010-11-02
3,000005.SZ,850.85,200,4.25425,850.0,4.25,2010-11-02
4,000006.SZ,0.0,0,0.0,0.0,7.68,2010-11-02
0,000001.SZ,3611.608,200,18.058040000000002,3608.0,18.04,2010-11-03
1,000002.SZ,1693.6920000000002,200,8.46846,1692.0000000000002,8.46,2010-11-03
2,000004.SZ,1773.772,200,8.86886,1772.0,8.86,2010-11-03
3,000005.SZ,850.85,200,4.25425,850.0,4.25,2010-11-03
4,000006.SZ,0.0,0,0.0,0.0,7.68,2010-11-03
0,000001.SZ,3611.608,200,18.058040000000002,3608.0,18.04,2010-11-04
1,000002.SZ,1693.6920000000002,200,8.46846,1692.0000000000002,8.46,2010-11-04
2,000004.SZ,1773.772,200,8.86886,1772.0,8.86,2010-11-04
3,000005.SZ,850.85,200,4.25425,850.0,4.25,2010-11-04
4,000006.SZ,0.0,0,0.0,0.0,7.68,2010-11-04
0,000001.SZ,3611.608,200,18.058040000000002,3608.0,18.04,2010-11-05
1,000002.SZ,1693.6920000000002,200,8.46846,1692.0000000000002,8.46,2010-11-05
2,000004.SZ,1773.772,200,8.86886,1772.0,8.86,2010-11-05
3,000005.SZ,850.85,200,4.25425,850.0,4.25,2010-11-05
4,000006.SZ,0.0,0,0.0,0.0,7.68,2010-11-05
0,000001.SZ,3611.608,200,18.058040000000002,3608.0,18.04,2010-11-08
1,000002.SZ,1693.6920000000002,200,8.46846,1692.0000000000002,8.46,2010-11-08
2,000004.SZ,1773.772,200,8.86886,1772.0,8.86,2010-11-08
3,000005.SZ,850.85,200,4.25425,850.0,4.25,2010-11-08
4,000006.SZ,0.0,0,0.0,0.0,7.68,2010-11-08
0,000001.SZ,3611.608,200,18.058040000000002,3608.0,18.04,2010-11-09
1,000002.SZ,1693.6920000000002,200,8.46846,1692.0000000000002,8.46,2010-11-09
2,000004.SZ,1773.772,200,8.86886,1772.0,8.86,2010-11-09
3,000005.SZ,850.85,200,4.25425,850.0,4.25,2010-11-09
4,000006.SZ,0.0,0,0.0,0.0,7.68,2010-11-09
0,000001.SZ,3611.608,200,18.058040000000002,3608.0,18.04,2010-11-10
1,000002.SZ,1693.6920000000002,200,8.46846,1692.0000000000002,8.46,2010-11-10
2,000004.SZ,1773.772,200,8.86886,1772.0,8.86,2010-11-10
3,000005.SZ,850.85,200,4.25425,850.0,4.25,2010-11-10
4,000006.SZ,0.0,0,0.0,0.0,7.68,2010-11-10
0,000001.SZ,3611.608,200,18.058040000000002,3608.0,18.04,2010-11-11
1,000002.SZ,1693.6920000000002,200,8.46846,1692.0000000000002,8.46,2010-11-11
2,000004.SZ,1773.772,200,8.86886,1772.0,8.86,2010-11-11
3,000005.SZ,850.85,200,4.25425,850.0,4.25,2010-11-11
4,000006.SZ,0.0,0,0.0,0.0,7.68,2010-11-11
0,000001.SZ,3611.608,200,18.058040000000002,3608.0,18.04,2010-11-12
1,000002.SZ,1693.6920000000002,200,8.46846,1692.0000000000002,8.46,2010-11-12
2,000004.SZ,1773.772,200,8.86886,1772.0,8.86,2010-11-12
3,000005.SZ,850.85,200,4.25425,850.0,4.25,2010-11-12
4,000006.SZ,0.0,0,0.0,0.0,7.68,2010-11-12
0,000001.SZ,3611.608,200,18.058040000000002,3608.0,18.04,2010-11-15
1,000002.SZ,1693.6920000000002,200,8.46846,1692.0000000000002,8.46,2010-11-15
2,000004.SZ,1773.772,200,8.86886,1772.0,8.86,2010-11-15
3,000005.SZ,850.85,200,4.25425,850.0,4.25,2010-11-15
4,000006.SZ,0.0,0,0.0,0.0,7.68,2010-11-15
0,000001.SZ,3611.608,200,18.058040000000002,3608.0,18.04,2010-11-16
1,000002.SZ,1693.6920000000002,200,8.46846,1692.0000000000002,8.46,2010-11-16
2,000004.SZ,1773.772,200,8.86886,1772.0,8.86,2010-11-16
3,000005.SZ,850.85,200,4.25425,850.0,4.25,2010-11-16
4,000006.SZ,0.0,0,0.0,0.0,7.68,2010-11-16
0,000001.SZ,3611.608,200,18.058040000000002,3608.0,18.04,2010-11-17
1,000002.SZ,1693.6920000000002,200,8.46846,1692.0000000000002,8.46,2010-11-17
2,000004.SZ,1773.772,200,8.86886,1772.0,8.86,2010-11-17
3,000005.SZ,850.85,200,4.25425,850.0,4.25,2010-11-17
4,000006.SZ,0.0,0,0.0,0.0,7.68,2010-11-17
0,000001.SZ,3611.608,200,18.058040000000002,3608.0,18.04,2010-11-18
1,000002.SZ,1693.6920000000002,200,8.46846,1692.0000000000002,8.46,2010-11-18
2,000004.SZ,1773.772,200,8.86886,1772.0,8.86,2010-11-18
3,000005.SZ,850.85,200,4.25425,850.0,4.25,2010-11-18
4,000006.SZ,0.0,0,0.0,0.0,7.68,2010-11-18
0,000001.SZ,3611.608,200,18.058040000000002,3608.0,18.04,2010-11-19
1,000002.SZ,1693.6920000000002,200,8.46846,1692.0000000000002,8.46,2010-11-19
2,000004.SZ,1773.772,200,8.86886,1772.0,8.86,2010-11-19
3,000005.SZ,850.85,200,4.25425,850.0,4.25,2010-11-19
4,000006.SZ,0.0,0,0.0,0.0,7.68,2010-11-19
0,000001.SZ,3611.608,200,18.058040000000002,3608.0,18.04,2010-11-22
1,000002.SZ,1693.6920000000002,200,8.46846,1692.0000000000002,8.46,2010-11-22
2,000004.SZ,1773.772,200,8.86886,1772.0,8.86,2010-11-22
3,000005.SZ,850.85,200,4.25425,850.0,4.25,2010-11-22
4,000006.SZ,0.0,0,0.0,0.0,7.68,2010-11-22
0,000001.SZ,3611.608,200,18.058040000000002,3608.0,18.04,2010-11-23
1,000002.SZ,1693.6920000000002,200,8.46846,1692.0000000000002,8.46,2010-11-23
2,000004.SZ,1773.772,200,8.86886,1772.0,8.86,2010-11-23
3,000005.SZ,850.85,200,4.25425,850.0,4.25,2010-11-23
4,000006.SZ,0.0,0,0.0,0.0,7.68,2010-11-23
0,000001.SZ,3611.608,200,18.058040000000002,3608.0,18.04,2010-11-24
1,000002.SZ,1693.6920000000002,200,8.46846,1692.0000000000002,8.46,2010-11-24
2,000004.SZ,1773.772,200,8.86886,1772.0,8.86,2010-11-24
3,000005.SZ,850.85,200,4.25425,850.0,4.25,2010-11-24
4,000006.SZ,0.0,0,0.0,0.0,7.68,2010-11-24
0,000001.SZ,3611.608,200,18.058040000000002,3608.0,18.04,2010-11-25
1,000002.SZ,1693.6920000000002,200,8.46846,1692.0000000000002,8.46,2010-11-25
2,000004.SZ,1773.772,200,8.86886,1772.0,8.86,2010-11-25
3,000005.SZ,850.85,200,4.25425,850.0,4.25,2010-11-25
4,000006.SZ,0.0,0,0.0,0.0,7.68,2010-11-25
0,000001.SZ,3611.608,200,18.058040000000002,3608.0,18.04,2010-11-26
1,000002.SZ,1693.6920000000002,200,8.46846,1692.0000000000002,8.46,2010-11-26
2,000004.SZ,1773.772,200,8.86886,1772.0,8.86,2010-11-26
3,000005.SZ,850.85,200,4.25425,850.0,4.25,2010-11-26
4,000006.SZ,0.0,0,0.0,0.0,7.68,2010-11-26
0,000001.SZ,3611.608,200,18.058040000000002,3608.0,18.04,2010-11-29
1,000002.SZ,1693.6920000000002,200,8.46846,1692.0000000000002,8.46,2010-11-29
2,000004.SZ,1773.772,200,8.86886,1772.0,8.86,2010-11-29
3,000005.SZ,850.85,200,4.25425,850.0,4.25,2010-11-29
4,000006.SZ,0.0,0,0.0,0.0,7.68,2010-11-29
0,000001.SZ,3611.608,200,18.058040000000002,3608.0,18.04,2010-11-30
1,000002.SZ,1693.6920000000002,200,8.46846,1692.0000000000002,8.46,2010-11-30
2,000004.SZ,1773.772,200,8.86886,1772.0,8.86,2010-11-30
3,000005.SZ,850.85,200,4.25425,850.0,4.25,2010-11-30
4,000006.SZ,0.0,0,0.0,0.0,7.68,2010-11-30
0,000001.SZ,3611.608,200,18.058040000000002,3608.0,18.04,2010-12-01
1,000002.SZ,1693.6920000000002,200,8.46846,1692.0000000000002,8.46,2010-12-01
2,000004.SZ,1773.772,200,8.86886,1772.0,8.86,2010-12-01
3,000005.SZ,850.85,200,4.25425,850.0,4.25,2010-12-01
4,000006.SZ,0.0,0,0.0,0.0,7.68,2010-12-01
0,000001.SZ,3611.608,200,18.058040000000002,3608.0,18.04,2010-12-02
1,000002.SZ,1693.6920000000002,200,8.46846,1692.0000000000002,8.46,2010-12-02
2,000004.SZ,1773.772,200,8.86886,1772.0,8.86,2010-12-02
3,000005.SZ,850.85,200,4.25425,850.0,4.25,2010-12-02
4,000006.SZ,0.0,0,0.0,0.0,7.68,2010-12-02
0,000001.SZ,3611.608,200,18.058040000000002,3608.0,18.04,2010-12-03
1,000002.SZ,1693.6920000000002,200,8.46846,1692.0000000000002,8.46,2010-12-03
2,000004.SZ,1773.772,200,8.86886,1772.0,8.86,2010-12-03
3,000005.SZ,850.85,200,4.25425,850.0,4.25,2010-12-03
4,000006.SZ,0.0,0,0.0,0.0,7.68,2010-12-03
0,000001.SZ,3611.608,200,18.058040000000002,3608.0,18.04,2010-12-06
1,000002.SZ,1693.6920000000002,200,8.46846,1692.0000000000002,8.46,2010-12-06
2,000004.SZ,1773.772,200,8.86886,1772.0,8.86,2010-12-06
3,000005.SZ,850.85,200,4.25425,850.0,4.25,2010-12-06
4,000006.SZ,0.0,0,0.0,0.0,7.68,2010-12-06
0,000001.SZ,3611.608,200,18.058040000000002,3608.0,18.04,2010-12-07
1,000002.SZ,1693.6920000000002,200,8.46846,1692.0000000000002,8.46,2010-12-07
2,000004.SZ,1773.772,200,8.86886,1772.0,8.86,2010-12-07
3,000005.SZ,850.85,200,4.25425,850.0,4.25,2010-12-07
4,000006.SZ,0.0,0,0.0,0.0,7.68,2010-12-07
0,000001.SZ,3611.608,200,18.058040000000002,3608.0,18.04,2010-12-08
1,000002.SZ,1693.6920000000002,200,8.46846,1692.0000000000002,8.46,2010-12-08
2,000004.SZ,1773.772,200,8.86886,1772.0,8.86,2010-12-08
3,000005.SZ,850.85,200,4.25425,850.0,4.25,2010-12-08
4,000006.SZ,0.0,0,0.0,0.0,7.68,2010-12-08
0,000001.SZ,3611.608,200,18.058040000000002,3608.0,18.04,2010-12-09
1,000002.SZ,1693.6920000000002,200,8.46846,1692.0000000000002,8.46,2010-12-09
2,000004.SZ,1773.772,200,8.86886,1772.0,8.86,2010-12-09
3,000005.SZ,850.85,200,4.25425,850.0,4.25,2010-12-09
4,000006.SZ,0.0,0,0.0,0.0,7.68,2010-12-09
0,000001.SZ,3611.608,200,18.058040000000002,3608.0,18.04,2010-12-10
1,000002.SZ,1693.6920000000002,200,8.46846,1692.0000000000002,8.46,2010-12-10
2,000004.SZ,1773.772,200,8.86886,1772.0,8.86,2010-12-10
3,000005.SZ,850.85,200,4.25425,850.0,4.25,2010-12-10
4,000006.SZ,0.0,0,0.0,0.0,7.68,2010-12-10
0,000001.SZ,3611.608,200,18.058040000000002,3608.0,18.04,2010-12-13
1,000002.SZ,1693.6920000000002,200,8.46846,1692.0000000000002,8.46,2010-12-13
2,000004.SZ,1773.772,200,8.86886,1772.0,8.86,2010-12-13
3,000005.SZ,850.85,200,4.25425,850.0,4.25,2010-12-13
4,000006.SZ,0.0,0,0.0,0.0,7.68,2010-12-13
0,000001.SZ,3611.608,200,18.058040000000002,3608.0,18.04,2010-12-14
1,000002.SZ,1693.6920000000002,200,8.46846,1692.0000000000002,8.46,2010-12-14
2,000004.SZ,1773.772,200,8.86886,1772.0,8.86,2010-12-14
3,000005.SZ,850.85,200,4.25425,850.0,4.25,2010-12-14
4,000006.SZ,0.0,0,0.0,0.0,7.68,2010-12-14
0,000001.SZ,3611.608,200,18.058040000000002,3608.0,18.04,2010-12-15
1,000002.SZ,1693.6920000000002,200,8.46846,1692.0000000000002,8.46,2010-12-15
2,000004.SZ,1773.772,200,8.86886,1772.0,8.86,2010-12-15
3,000005.SZ,850.85,200,4.25425,850.0,4.25,2010-12-15
4,000006.SZ,0.0,0,0.0,0.0,7.68,2010-12-15
0,000001.SZ,3611.608,200,18.058040000000002,3608.0,18.04,2010-12-16
1,000002.SZ,1693.6920000000002,200,8.46846,1692.0000000000002,8.46,2010-12-16
2,000004.SZ,1773.772,200,8.86886,1772.0,8.86,2010-12-16
3,000005.SZ,850.85,200,4.25425,850.0,4.25,2010-12-16
4,000006.SZ,0.0,0,0.0,0.0,7.68,2010-12-16
0,000001.SZ,3611.608,200,18.058040000000002,3608.0,18.04,2010-12-17
1,000002.SZ,1693.6920000000002,200,8.46846,1692.0000000000002,8.46,2010-12-17
2,000004.SZ,1773.772,200,8.86886,1772.0,8.86,2010-12-17
3,000005.SZ,0.0,0,0.0,0.0,3.88,2010-12-17
4,000006.SZ,1513.512,200,7.567559999999999,1512.0,7.56,2010-12-17
0,000001.SZ,3611.608,200,18.058040000000002,3608.0,18.04,2010-12-20
1,000002.SZ,1693.6920000000002,200,8.46846,1692.0000000000002,8.46,2010-12-20
2,000004.SZ,1773.772,200,8.86886,1772.0,8.86,2010-12-20
3,000005.SZ,764.764,200,3.82382,764.0,3.82,2010-12-20
4,000006.SZ,0.0,0,0.0,0.0,7.25,2010-12-20
0,000001.SZ,3611.608,200,18.058040000000002,3608.0,18.04,2010-12-21
1,000002.SZ,1693.6920000000002,200,8.46846,1692.0000000000002,8.46,2010-12-21
2,000004.SZ,1773.772,200,8.86886,1772.0,8.86,2010-12-21
3,000005.SZ,764.764,200,3.82382,764.0,3.82,2010-12-21
4,000006.SZ,0.0,0,0.0,0.0,7.25,2010-12-21
0,000001.SZ,3611.608,200,18.058040000000002,3608.0,18.04,2010-12-22
1,000002.SZ,1693.6920000000002,200,8.46846,1692.0000000000002,8.46,2010-12-22
2,000004.SZ,1773.772,200,8.86886,1772.0,8.86,2010-12-22
3,000005.SZ,764.764,200,3.82382,764.0,3.82,2010-12-22
4,000006.SZ,0.0,0,0.0,0.0,7.25,2010-12-22
0,000001.SZ,3611.608,200,18.058040000000002,3608.0,18.04,2010-12-23
1,000002.SZ,1693.6920000000002,200,8.46846,1692.0000000000002,8.46,2010-12-23
2,000004.SZ,1773.772,200,8.86886,1772.0,8.86,2010-12-23
3,000005.SZ,764.764,200,3.82382,764.0,3.82,2010-12-23
4,000006.SZ,0.0,0,0.0,0.0,7.25,2010-12-23
0,000001.SZ,0.0,0,0.0,0.0,16.44,2010-12-24
1,000002.SZ,1693.6920000000002,200,8.46846,1692.0000000000002,8.46,2010-12-24
2,000004.SZ,1773.772,200,8.86886,1772.0,8.86,2010-12-24
3,000005.SZ,764.764,200,3.82382,764.0,3.82,2010-12-24
4,000006.SZ,1529.528,200,7.64764,1528.0,7.64,2010-12-24
0,000001.SZ,3217.214,200,16.08607,3214.0,16.07,2010-12-27
1,000002.SZ,1693.6920000000002,200,8.46846,1692.0000000000002,8.46,2010-12-27
2,000004.SZ,1773.772,200,8.86886,1772.0,8.86,2010-12-27
3,000005.SZ,764.764,200,3.82382,764.0,3.82,2010-12-27
4,000006.SZ,0.0,0,0.0,0.0,7.28,2010-12-27
0,000001.SZ,3217.214,200,16.08607,3214.0,16.07,2010-12-28
1,000002.SZ,1693.6920000000002,200,8.46846,1692.0000000000002,8.46,2010-12-28
2,000004.SZ,1773.772,200,8.86886,1772.0,8.86,2010-12-28
3,000005.SZ,764.764,200,3.82382,764.0,3.82,2010-12-28
4,000006.SZ,0.0,0,0.0,0.0,7.28,2010-12-28
0,000001.SZ,3217.214,200,16.08607,3214.0,16.07,2010-12-29
1,000002.SZ,1693.6920000000002,200,8.46846,1692.0000000000002,8.46,2010-12-29
2,000004.SZ,1773.772,200,8.86886,1772.0,8.86,2010-12-29
3,000005.SZ,764.764,200,3.82382,764.0,3.82,2010-12-29
4,000006.SZ,0.0,0,0.0,0.0,7.28,2010-12-29
0,000001.SZ,3217.214,200,16.08607,3214.0,16.07,2010-12-30
1,000002.SZ,1693.6920000000002,200,8.46846,1692.0000000000002,8.46,2010-12-30
2,000004.SZ,1773.772,200,8.86886,1772.0,8.86,2010-12-30
3,000005.SZ,764.764,200,3.82382,764.0,3.82,2010-12-30
4,000006.SZ,0.0,0,0.0,0.0,7.28,2010-12-30
0,000001.SZ,3217.214,200,16.08607,3214.0,16.07,2010-12-31
1,000002.SZ,1693.6920000000002,200,8.46846,1692.0000000000002,8.46,2010-12-31
2,000004.SZ,1773.772,200,8.86886,1772.0,8.86,2010-12-31
3,000005.SZ,764.764,200,3.82382,764.0,3.82,2010-12-31
4,000006.SZ,0.0,0,0.0,0.0,7.28,2010-12-31
